# japanese	english	jp_bytes	en_bytes	source=reuse
HPとTPが自動で回復する	Automatic HP and TP recovery	22	28	reuse
HP回復	HP Rec	6	6	reuse
SP分与	SP Share	6	8	reuse
SP回復	SP Rec	6	6	reuse
SP回復力とTP回復力が上昇	Increases SP Regen and TP Regen	24	31	reuse
SP減少軽減	Conserve SP	10	11	reuse
SP転換	SP Transfer	6	11	reuse
SP軽減力とTP軽減力が上昇	Increases SP Reduction and TP Reduction	24	39	reuse
TP回復	TP Rec	6	6	reuse
TP減少軽減	TP Conservation	10	15	reuse
TP転換	TP Transfer	6	11	reuse
TP軽減力とTP回復力が上昇する	Increases TP Reduction and TP Regen	28	35	reuse
「神の眼」まで急ごう！	Hurry to the Eye of Atamoni!	22	28	reuse
」を得ました	" as a title!	12	13	reuse
あいさつまわり	Making the Rounds	14	17	reuse
あこがれの女性（ひと）	The Woman He Admires	22	20	reuse
あしながおにいさま	Long-Legged Big Bro	18	19	reuse
あたしんちへ	To My Place	12	11	reuse
あとは商人に届けるだけ	Just Deliver It Now	22	19	reuse
あなたに興味アリ	Interested in You	16	17	reuse
あのドームは何だ？	What's That Dome?	18	17	reuse
あの台座	That Pedestal	8	13	reuse
あの女性は？	Who Is She?	12	11	reuse
あの子が気になる！	I Care About Her!	18	17	reuse
あの子はアイグレッテに	She's in Aigrette	22	17	reuse
あの子を探して大神殿	Seeking Her: Grand Temple	20	25	reuse
あの子を追いかけろ	Chase After Her	18	15	reuse
あまりにも大量のレンズ	Far Too Many Lens	22	17	reuse
あれがアイグレッテか	So That's Aigrette	20	18	reuse
いいコンビ	Good Team	10	9	reuse
いつか来た場所	A Place Once Visited	14	20	reuse
いなか工房	Countryside Workshop	10	20	reuse
いよいよ謁見	The Audience at Last	12	20	reuse
おかえり！	Welcome Home!	10	13	reuse
おさいほう	Sewing	10	6	reuse
おさいほうを教えて	Teach Me Sewing	18	15	reuse
おとり	Decoy	6	5	reuse
おにぎり	Rice Ball	8	9	reuse
おまかせ	Chef's Choice	8	13	reuse
おみやげ屋　トウケイ	Souvenir Shop TERAZZI	20	21	reuse
お刺身	Sashimi	6	7	reuse
お前にまかせる	Attack Freely	14	13	reuse
お宝探索の基本	Treasure Hunting 101	14	20	reuse
かけら	Fragment	6	8	reuse
からあげ	Fried Fish	8	10	reuse
からっぽの世界	Empty World	14	11	reuse
が、なんか失敗・・	flopped somehow...	18	18	reuse
が飛び出した	popped out!	12	11	reuse
ここはアイグレッテ？	Is This Aigrette?	20	17	reuse
こっちじゃない	Not This Way	14	12	reuse
こっちじゃないぞ	Not This Way, Kid	16	17	reuse
こっちじゃないでしょ	Surely Not This Way	20	19	reuse
こっちじゃないよ	It's Not This Way	16	17	reuse
こっちじゃないわよ？	Not This Way, Is It?	20	20	reuse
こっちじゃねぇよ	Not This Way, Man	16	17	reuse
こねこにん名入力	Kitten name entry	16	17	reuse
こんな暑い中にずっといたら	Out in This Heat All Day	26	24	reuse
さあ、現代へ	Now, to the Present	12	19	reuse
さすらい包丁	Wandering Kitchen Knife	12	23	reuse
さまよい人	Wanderer	10	8	reuse
しばし待たれい	One moment.	14	11	reuse
しました	!	8	1	reuse
しもふり	Fine Meat	8	9	reuse
すじにく	Cheap Meat	8	10	reuse
すでに同じ内容のレシピを持っています	You already have that recipe.	36	29	reuse
すべては手のひらの上	All in the Palm	20	15	reuse
すんなり通りたいな	I'd Rather Slip By	18	18	reuse
そういえば、ソーディアンは？	By the Way, the Swordians?	28	26	reuse
そろそろ	About Time	8	10	reuse
そろそろ船が出港できるか？	Can the Ship Sail Yet?	26	22	reuse
つきあいの良い男	Good Company	16	12	reuse
つきつけられた現実	Reality Thrust Upon Me	18	22	reuse
でももヘチマも	No Buts About It	14	16	reuse
とうふ	Tofu	6	4	reuse
ときめきの旅路	Thrilling Journey	14	17	reuse
とにかく甲板に行こう！	Just Get to the Deck!	22	21	reuse
とらわれの姫	Captive Princess	12	16	reuse
どうすれば元の世界に	How to Get Home	20	15	reuse
どこかにお宝が	Treasure Somewhere	14	18	reuse
なぜ知っている!?	How Do You Know!?	16	17	reuse
ねこにんの村	Katz Village	12	12	reuse
の料理に失敗しました	was a failure.	20	14	reuse
はこれ以上持てません	can't be carried anymore.	20	25	reuse
は捨てられません	can't be discarded.	16	19	reuse
は無くなりました	is all gone.	16	12	reuse
ひそかな特技	Secret Talent	12	13	reuse
ひと休み	A Rest	8	6	reuse
ひと息	A Breather	6	10	reuse
ふたつのペンダント	Two Pendants	18	12	reuse
ふたつの運命	Two Destinies	12	13	reuse
ふつう	Normal	6	6	reuse
ふられマン	Dumped Man	10	10	reuse
ふられマンＮＥＯ	Dumped Man NEO	16	14	reuse
ほかの街へ	To Another Town	10	15	reuse
またまたふられマン	Dumped Man Again	18	16	reuse
まねきネコ	Fortune Cat	10	11	reuse
まばゆい白の中で	In Dazzling White	16	17	reuse
まわり道	Detour	8	6	reuse
みそおでん	Miso Stew	10	9	reuse
みんなナイスガイになった	Everyone became a nice guy!	24	27	reuse
みんな満腹です	Everyone is full.	14	17	reuse
もし、あたしが捕まったら	If I Get Caught	24	15	reuse
やすらぎとの別れ	Farewell to Peace	16	17	reuse
ゆがむ世界	Warping World	10	13	reuse
よし、いくぜ！	Let's go!	14	9	reuse
よやく３	Reserve 3	8	9	reuse
わたしだけの英雄	My Own Hero	16	11	reuse
を料理しました	is ready!	14	9	reuse
を習得	gained	6	6	reuse
アイアングローブ	Iron Gloves	16	11	reuse
アイウエオ	Alphabetical	10	12	reuse
アイグレッテ	Aigrette	12	8	reuse
アイグレッテに向かうには	How to Reach Aigrette	24	21	reuse
アイグレッテ・倉庫	Aigrette - Warehouse	18	20	reuse
アイグレッテ港	Port Aigrette	14	13	reuse
アイグレッテ港は反対だ	Aigrette Port Is Opposite	22	25	reuse
アイスコフィン	Ice Coffin	14	10	reuse
アイスバーグ	Iceberg	12	7	reuse
アイテム	Items	8	5	reuse
アイテムの説明	Item Description	14	16	reuse
アイテムコレクター	Item Collector	18	14	reuse
アイテム使用硬直時間減少	Reduces delay after using an item	24	33	reuse
アイテム取得確率上昇	Item drop rate UP	20	17	reuse
アイテム数２０個	Item Cap 20	16	11	reuse
アイテム数３０個	Item Cap 30	16	11	reuse
アイボリー	Ivory	10	5	reuse
アキュレイト	Accurate	12	8	reuse
アクアスパイク	Aqua Spike	14	10	reuse
アクアマリン	Aquamarine	12	10	reuse
アクアマント	Aqua Cape	12	9	reuse
アクアリムス	Aquarimus	12	9	reuse
アクアヴェイル	Aquaveil	14	8	reuse
アクエリアス	Aquarius	12	8	reuse
アクション	Action	10	6	reuse
アクス	Axe	6	3	reuse
アクティブ	Active	10	6	reuse
アコライト	Acolyte	10	7	reuse
アサルト	Assault	8	7	reuse
アジリティ	Agile	10	5	reuse
アタック	Attack	8	6	reuse
アタックレベル	Attack Level	14	12	reuse
アップルグミ	Apple Gel	12	9	reuse
アデプト	Adept	8	5	reuse
アトワイト救出成功	Atwight Rescued	18	15	reuse
アバウンド	Abound	10	6	reuse
アバタール	Avatar	10	6	reuse
アポカリプス	Apocalypse	12	10	reuse
アマテラスの御霊	Spirit of Amaterasu	16	19	reuse
アマノムラクモ	Heaven's Cloud	14	14	reuse
アメジスト	Amethyst	10	8	reuse
アラバスター	Alabaster	12	9	reuse
アルカイック	Archaic	12	7	reuse
アルカディア	Arcadia	12	7	reuse
アルケミスト	Alchemist	12	9	reuse
アルテミス	Artemis	10	7	reuse
アルルカン	Arlequin	10	8	reuse
アレンジ	Arrange	8	7	reuse
アレンジシェフ	Original Chef	14	13	reuse
アロンダイト	Arondight	12	9	reuse
アワーグラス	Hourglass	12	9	reuse
アンセム	Anthem	8	6	reuse
アンチドート	Antidote	12	8	reuse
アンバー	Amber	8	5	reuse
アヴォイド	Avoid	10	5	reuse
アークウインド	Arc Wind	14	8	reuse
アーケイン	Arcane	10	6	reuse
アース	Earth	6	5	reuse
アーステッパー	Earth Stampede	14	14	reuse
アースリンク	Earth Link	12	10	reuse
アーティスト	Artist	12	6	reuse
アーデント	Ardent	10	6	reuse
アーネスト	Earnest	10	7	reuse
アーマード	Armored	10	7	reuse
アームド	Armed	8	5	reuse
アーメット	Armet	10	5	reuse
イカ	Squid	4	5	reuse
イクシフォスラー	Ixifoslar	16	9	reuse
イグニス	Ignis	8	5	reuse
イグノランス	Ignorance	12	9	reuse
イセベルグ	Iceberg	10	7	reuse
イゾルデ	Iseult	8	6	reuse
イチゴ	Strawberry	6	10	reuse
イノセンス	Innocence	10	9	reuse
イフリート	Efreet	10	6	reuse
イベイション	Evasion	12	7	reuse
イベント	Event	8	5	reuse
イベントボイス	Event Voice	14	11	reuse
イルミネイト	Illuminate	12	10	reuse
イレイザー	Eraser	10	6	reuse
イワシ	Sardine	6	7	reuse
インサイト	Insight	10	7	reuse
インスペクト	Inspect	12	7	reuse
インディグネイト・ジャッジメント	Indignate Judgment	32	18	reuse
インビジブル	Invisible	12	9	reuse
インブレイスエンド	Final Embrace	18	13	reuse
インプレス	Impress	10	7	reuse
インヴァリド	Invalid	12	7	reuse
イーサー	Aether	8	6	reuse
イージー	Easy	8	4	reuse
イービルスフィア	Evil Sphere	16	11	reuse
ウィザード	Wizardess	10	9	reuse
ウィズダム	Wisdom	10	6	reuse
ウィッチドレス	Witch Dress	14	11	reuse
ウィンディ	Windy	10	5	reuse
ウィンドウカラー	Window Color	16	12	reuse
ウィンドスラッシュ	Wind Slash	18	10	reuse
ウィークチェック	Weak Charm	16	10	reuse
ウィークン	Weakened	10	8	reuse
ウイングドブーツ	Winged Boots	16	12	reuse
ウインドシア	Wind Shear	12	10	reuse
ウインドフォース	Wind Force	16	10	reuse
ウインドブレーカー	Windbreaker	18	11	reuse
ウェア	Wear	6	4	reuse
ウェイレイ	Waylay	10	6	reuse
ウェットスーツ	Wetsuit	14	7	reuse
ウェディングドレス	Wedding Dress	18	13	reuse
ウェルキン	Welkin	10	6	reuse
ウェルス	Wealth	8	6	reuse
ウェルフェア	Welfare	12	7	reuse
ウォリア	Warrior	8	7	reuse
ウォーター	Water	10	5	reuse
ウォーハンマー	War Hammer	14	10	reuse
ウォーボウ	War Bow	10	7	reuse
ウォーミング	Warming	12	7	reuse
ウッドロウに報告	Report to Woodrow	16	17	reuse
ウッドロウに真相を	The Truth for Woodrow	18	21	reuse
ウッドロウ王はいずこ	Where Is King Woodrow?	20	22	reuse
ウルヴァリン	Wolverine	12	9	reuse
ウロボロス	Uroboros	10	8	reuse
ウンディーネ	Undine	12	6	reuse
ウーリー	Wool	8	4	reuse
エアプレッシャー	Air Pressure	16	12	reuse
エアリアル	Aerial	10	6	reuse
エイセンケン	Eisenken	12	8	reuse
エイミング	Aiming	10	6	reuse
エウロス	Eurus	8	5	reuse
エキスパート	Expert	12	6	reuse
エクスカリバー	Excalibur	14	9	reuse
エクスプレス	E.P.	12	4	reuse
エクセキューション	Execution	18	9	reuse
エクセレント	Excellent	12	9	reuse
エスケープ	Escape	10	6	reuse
エステマの種	Estima Seed	12	11	reuse
エスペランサー	Esperanza	14	9	reuse
エデンズファイア	Eden's Fire	16	11	reuse
エナジー	Energy	8	6	reuse
エビ	Prawn	4	5	reuse
エビチリ	Chili Prawn	8	11	reuse
エピデミック	Epidemic	12	8	reuse
エプロンドレス	Apron Dress	14	11	reuse
エボニー	Ebony	8	5	reuse
エメラルドリング	Emerald Ring	16	12	reuse
エランド	Errand	8	6	reuse
エリクシール	Elixir	12	6	reuse
エリート	Elite	8	5	reuse
エルエレエロ	Elleelero	12	9	reuse
エルドラド	El Dorado	10	9	reuse
エルレインを追え	Chase Elrane	16	12	reuse
エルレイン間近？	Elrane Is Close?	16	16	reuse
エルヴン	Elven	8	5	reuse
エルヴンブーツ	Elven Boots	14	11	reuse
エルヴンマント	Elven Cape	14	10	reuse
エレベーターが戻るまで	Until the Lift Returns	22	22	reuse
エレメンタル	Elemental	12	9	reuse
エンカウント	Encounter	12	9	reuse
エンカウント不能	Cannot battle.	16	14	reuse
エンカウント無効	No Encounters	16	13	reuse
エンシェント	Ancient	12	7	reuse
エンシェントノヴァ	Ancient Nova	18	12	reuse
エンジェル	Angel	10	5	reuse
エンジェルブレスレット	Angel Bracelet	22	14	reuse
エンジェルリング	Angel Ring	16	10	reuse
エンチャント	Enchant	12	7	reuse
エンチャント引継ぎ	Carry Enchants	18	14	reuse
エンペラー	Emperor	10	7	reuse
エンライト	Enlight	10	7	reuse
エンヴィセイジ	Envisage	14	8	reuse
エーテル	Ether	8	5	reuse
オクトスラッシャー	Octo-Slasher	18	12	reuse
オトコオンナ	Manly Woman	12	11	reuse
オニキス	Onyx	8	4	reuse
オフ	Off	4	3	reuse
オプティマム	Optimum	12	7	reuse
オベロン	Oberon	8	6	reuse
オベロン社の残したもの	What Oberon Left	22	16	reuse
オベロン社廃坑	Oberon Mine	14	11	reuse
オベロン社廃坑へ	To the Oberon Mine	16	18	reuse
オムライス	Rice Omelet	10	11	reuse
オヤッ？　オヤツ？	Huh? A Snack?	18	13	reuse
オリオラの種	Oriola Seed	12	11	reuse
オリジナル必殺技	Original Finisher	16	17	reuse
オリハルコン	Orichalcum	12	10	reuse
オレンジグミ	Orange Gel	12	10	reuse
オン	On	4	2	reuse
オンスロート	Onslaught	12	9	reuse
オーカー	Ochre	8	5	reuse
オーガー	Ogre	8	4	reuse
オーサム	Awesome	8	7	reuse
オーダー	Order	8	5	reuse
オート	Auto	6	4	reuse
オートクレール	Halteclere	14	10	reuse
オート設定	Auto Set	10	8	reuse
オート重複時設定	Auto-Cook Overlap	16	17	reuse
オーネイト	Ornate	10	6	reuse
オーバーロード	Overlord	14	8	reuse
オーラ	Aura	6	4	reuse
オールディバイド	All-Divide	16	10	reuse
カイザー	Kaiser	8	6	reuse
カイル	Kyle	6	4	reuse
カイロ	Cairo	6	5	reuse
カオティック	Chaotic	12	7	reuse
カクテルドレス	Cocktail Dress	14	14	reuse
カスク	Casque	6	6	reuse
カスタム	Custom	8	6	reuse
カタコンベ	Catacombs	10	9	reuse
カタストロフ	Catastrophe	12	11	reuse
カタール	Katar	8	5	reuse
カッパバクソウゲキ	Kappabakusogeki	18	15	reuse
カトラス	Cutlass	8	7	reuse
カドゥケウス	Caduceus	12	8	reuse
カメラＬＲ回転	Camera L/R	14	10	reuse
カモミール	Chamomile	10	9	reuse
カラドボルグ	Caladbolg	12	9	reuse
カルビオラ	Kalviola	10	8	reuse
カルビオラへ	To Kalviola	12	11	reuse
カルラ	Karura	6	6	reuse
カレンゲキ	Karengeki	10	9	reuse
カレージャス	Courageous	12	10	reuse
カントリーウェア	Country Wear	16	12	reuse
カンナ	Sander	6	6	reuse
カンナギの装束	Kannagi Costume	14	15	reuse
カーディナル	Cardinal	12	8	reuse
カーネイジ	Carnage	10	7	reuse
カーネリアン	Carnelian	12	9	reuse
カーボン	Carbon	8	6	reuse
カーミング	Calming	10	7	reuse
ガイア	Gaia	6	4	reuse
ガイザー	Beguile	8	7	reuse
ガイデッド	Guided	10	6	reuse
ガラスの中のひな鳥	Chick in Glass	18	14	reuse
ガラティン	Gallatin	10	8	reuse
ガルド	Gald	6	4	reuse
ガルムの牙	Garm's Fang	10	11	reuse
ガレンセン	Garensen	10	8	reuse
ガレンソウハジン	Garen Sohajin	16	13	reuse
ガンザンメッサイジン	Ganzan Messaijin	20	16	reuse
ガントレット	Gauntlets	12	9	reuse
ガンビット	Gambit	10	6	reuse
ガーゴイル	Gargoyle	10	8	reuse
ガーディアン	Guardian	12	8	reuse
ガードストライクしやすくなる	Easier to Guard Strike	28	22	reuse
ガード時にガルドが増える	Earn Gald when guarding	24	23	reuse
ガード時に回避上昇	Increases Evasion while guarding	18	32	reuse
ガード時に詠唱速度上昇	Raises Casting Speed while guarding	22	35	reuse
ガード時に防御上昇	Increases Defense while guarding	18	32	reuse
ガード時にＳＰが回復	Recover SP while guarding	20	25	reuse
ガード時にＴＰが回復	Recover TP while guarding	20	25	reuse
ガーランド	Garland	10	7	reuse
キウイ	Kiwi	6	4	reuse
キッチンミトン	Oven Mitts	14	10	reuse
キャベツ	Cabbage	8	7	reuse
キャラ	Char	6	4	reuse
キャラペイス	Carapace	12	8	reuse
キュア	Cure	6	4	reuse
キュアオール	Cure-All	12	8	reuse
キュウリ	Cucumber	8	8	reuse
キュロット	Culotte	10	7	reuse
キューティ	Cutie	10	5	reuse
キューティウェイトレス	Cute Waitress	22	13	reuse
キューティミトン	Cute Mittens	16	12	reuse
キョウエイソウ	Kyoueisou	14	9	reuse
キルト	Kilt	6	4	reuse
キルトアーマー	Kilt Armor	14	10	reuse
ギサルメ	Gisarme	8	7	reuse
ギャラクシー	Galaxy	12	6	reuse
クァンタム	Quantum	10	7	reuse
クイズ本	Quiz Book	8	9	reuse
クイズ王	Quiz King	8	9	reuse
クウショウザン	Kushozan	14	8	reuse
クウハゼップウゲキ	Kuha Zeppugeki	18	14	reuse
クウハトッコウダン	Kuhatokkodan	18	12	reuse
クオリティ	Quality	10	7	reuse
ククリ	Khukuri	6	7	reuse
クシャミ	Sneeze	8	6	reuse
クラウン	Crown	8	5	reuse
クラッシュ	Crush	10	5	reuse
クラッシュガスト	Crushing Gust	16	13	reuse
クラフトマン	Craftsman	12	9	reuse
クリス	Kris	6	4	reuse
クリスタル	Crystal	10	7	reuse
クリティカル	Critical	12	8	reuse
クリティカル率が上昇する	Increases Critical rate	24	23	reuse
クリムゾン	Crimson	10	7	reuse
クリームシチュー	Cream Stew	16	10	reuse
クリーヴァ	Cleaver	10	7	reuse
クルセイダー	Crusader	12	8	reuse
クレイジーコメット	Crazy Comet	18	11	reuse
クレイモア	Claymore	10	8	reuse
クレスタの街	Cresta	12	6	reuse
クレスタ～アイグレッテ	Cresta to Aigrette	22	18	reuse
クレスト	Crest	8	5	reuse
クレセント	Crescent	10	8	reuse
クレバー	Clever	8	6	reuse
クレリック	Cleric	10	6	reuse
クロスブレイド	Cross Blade	14	11	reuse
クロスヘルム	Close Helm	12	10	reuse
クローク	Cloak	8	5	reuse
クードグレイス	Coup de Grace	14	13	reuse
クールウェイター	Cool Waiter	16	11	reuse
クールパイロット	Cool Pilot	16	10	reuse
グッドウィル	Goodwill	12	8	reuse
グッドウェイター	Good Waiter	16	11	reuse
グミ嫌い	I Hate Gels!	8	12	reuse
グラスプ	Grasp	8	5	reuse
グラディウス	Gladius	12	7	reuse
グラニット	Granite	10	7	reuse
グランドクラウン	Grand Crown	16	11	reuse
グランドシェフ	Grand Chef	14	10	reuse
グランドセプター	Grand Scepter	16	13	reuse
グランドチャンピオン	Grand Champion	20	14	reuse
グランドファーザー	Grandfather	18	11	reuse
グランドプレート	Grand Plate	16	11	reuse
グランドヘルム	Grand Helm	14	10	reuse
グランヴァニッシュ	Ground Vanish	18	13	reuse
グリズリー	Grizzly	10	7	reuse
グリフィン	Griffin	10	7	reuse
グリフィンズタロン	Griffin's Talon	18	15	reuse
グリムアクス	Grimm's Axe	12	11	reuse
グリムクレスト	Grimm's Crest	14	13	reuse
グリムグローブ	Grimm's Gloves	14	14	reuse
グリムソード	Grimm's Sword	12	13	reuse
グリムブーツ	Grimm's Boots	12	13	reuse
グリムプレート	Grimm's Plate	14	13	reuse
グリムヘルム	Grimm's Helm	12	12	reuse
グリムボウ	Grimm's Bow	10	11	reuse
グリムワンド	Grimm's Wand	12	12	reuse
グリークファイア	Greek Fire	16	10	reuse
グリーヴ	Greaves	8	7	reuse
グレイシャル	Glacial	12	7	reuse
グレイトウェイター	Great Waiter	18	12	reuse
グレネード	Grenade	10	7	reuse
グレムリン	Gremlin	10	7	reuse
グレートヘルム	Great Helm	14	10	reuse
グロッギー	Groggy	10	6	reuse
グローブ	Gloves	8	6	reuse
グローリアス	Glorious	12	8	reuse
グーングニル	Gungnir	12	7	reuse
ケセラセラ	Que Sera Sera	10	13	reuse
ケルビム	Cherubim	8	8	reuse
ケープ	Cape	6	4	reuse
ゲイボルグ	Gae Bolg	10	8	reuse
ゲイル	Gale	6	4	reuse
ゲッセンコウ	Gessenko	12	8	reuse
ゲットアイテム	Get Item	14	8	reuse
ゲンエイジン	Gen'eijin	12	9	reuse
ゲームをやめる	Return to title menu	14	20	reuse
ゲームクリアおめでとうございます！	Congratulations on clearing the game!	34	37	reuse
コインに願いを込めて	Wish Upon a Coin	20	16	reuse
コカトリス	Cockatrice	10	10	reuse
コクウセン	Kokuusen	10	8	reuse
コズミック	Cosmic	10	6	reuse
コットン	Cotton	8	6	reuse
コマチ	Komachi	6	7	reuse
コルセスカ	Corsesca	10	8	reuse
コレクター図鑑	Collector's Book	14	16	reuse
コロッサス	Colossus	10	8	reuse
コンゴウラカン	Kongourakan	14	11	reuse
コンシャス	Conscious	10	9	reuse
コンジャラー	Conjurer	12	8	reuse
コンテナの押し方	How to Push Containers	16	22	reuse
コンテナマスター	Container Master	16	16	reuse
コンバットブーツ	Combat Boots	16	12	reuse
コンフォート	Comfort	12	7	reuse
コンボコマンド	Combo Command	14	13	reuse
コンボハンター	Combo Hunter	14	12	reuse
コンボマスター	Combo Commander	14	15	reuse
コンボ命	Combo Life	8	10	reuse
コンポジット	Composite	12	9	reuse
コンポジットボウ	Composite Bow	16	13	reuse
コーラル	Coral	8	5	reuse
コールド	Cold	8	4	reuse
ゴシックアクス	Gothic Axe	14	10	reuse
ゴシックガントレット	Gothic Gauntlets	20	16	reuse
ゴシックサークレット	Gothic Circlet	20	14	reuse
ゴシックソード	Gothic Sword	14	12	reuse
ゴシックブーツ	Gothic Boots	14	12	reuse
ゴシックプレート	Gothic Plate	16	12	reuse
ゴシックヘルム	Gothic Helm	14	11	reuse
ゴシックボウ	Gothic Bow	12	10	reuse
ゴシックマント	Gothic Cape	14	11	reuse
ゴシックメイス	Gothic Mace	14	11	reuse
ゴッドブレス	God's Breath	12	12	reuse
ゴホウレン	Gohouren	10	8	reuse
ゴージャスサラダ	Gorgeous Salad	16	14	reuse
ゴージャスマント	Gorgeous Cape	16	13	reuse
ゴージャス孤児院	Gorgeous Orphanage	16	18	reuse
ゴールデンヘルム	Golden Helm	16	11	reuse
ゴールドアーマー	Gold Armor	16	10	reuse
ゴールドブレスレット	Golden Bracelet	20	15	reuse
ゴーレム	Golem	8	5	reuse
サイクロン	Cyclone	10	7	reuse
サウンド	Sound	8	5	reuse
サウンドテスト	Sound Test	14	10	reuse
サッキュバス	Succubus	12	8	reuse
サバイバル	Survival	10	8	reuse
サファイア	Sapphire	10	8	reuse
サフラン	Saffron	8	7	reuse
サラサ	Sarasa	6	6	reuse
サラマンダー	Salamander	12	10	reuse
サラマンダーブレス	Salamander's Breath	18	19	reuse
サレット	Sallet	8	6	reuse
サンクタム	Sanctum	10	7	reuse
サンダーソード	Thunder Sword	14	13	reuse
サンドイッチ	Sandwich	12	8	reuse
サンドラの槍	Sandra's Spear	12	14	reuse
サヴェイジ	Savage	10	6	reuse
サークレット	Circlet	12	7	reuse
サーベル	Saber	8	5	reuse
ザコを蹴散らせ	Steamroller	14	11	reuse
シアリング	Searing	10	7	reuse
シアン	Cyan	6	4	reuse
シェイド	Shade	8	5	reuse
シケット	Thicket	8	7	reuse
システム	System	8	6	reuse
シックウレンサツケン	Shikkurensatsuken	20	17	reuse
シナリオ名称入力予約３	Scenario Name Reserve 3	22	23	reuse
シミター	Scimitar	8	8	reuse
シャイニングスピア	Shining Spear	18	13	reuse
シャケ	Salmon	6	6	reuse
シャドウ	Shadow	8	6	reuse
シャドウエッジ	Shadow Edge	14	11	reuse
シャドウファング	Shadowfang	16	10	reuse
シャムシール	Shamshir	12	8	reuse
シャークトゥース	Shark Tooth	16	11	reuse
シャープ	Sharp	8	5	reuse
シャーマン	Shaman	10	6	reuse
シュラハトフェルト	Schlachtfeld	18	12	reuse
ショックウェイブ	Shockwave	16	9	reuse
シリングフォール	Ceiling Fall	16	12	reuse
シルエット	Silhouette	10	10	reuse
シルキー	Silk	8	4	reuse
シルバーケープ	Silver Cape	14	11	reuse
シルフィ	Sylph	8	5	reuse
シルフィスティア	Sylphistia	16	10	reuse
シルフィマント	Sylph Cape	14	10	reuse
シルヴァン	Sylvan	10	6	reuse
シンキング	Thinking	10	8	reuse
シンクウカッサイジン	Shinkuukassaijin	20	16	reuse
シンクレア	Sinclaire	10	9	reuse
シーア	Sheer	6	5	reuse
シージボウ	Siege Bow	10	9	reuse
シースドレス	Sheath Dress	12	12	reuse
シーダースタッフ	Cedar Staff	16	11	reuse
シーブズマント	Thief's Cape	14	12	reuse
ジアースマント	Earth Cape	14	10	reuse
ジェスター	Jester	10	6	reuse
ジェットブーツ	Jet Boots	14	9	reuse
ジェネラル	General	10	7	reuse
ジェノサイド	Genocide	12	8	reuse
ジャイアント	Giant	12	5	reuse
ジャガイモ	Potato	10	6	reuse
ジャスティス	Justice	12	7	reuse
ジャックフロスト	Jack Frost	16	10	reuse
ジャムトースト	Toast with Jam	14	14	reuse
ジューダス	Judas	10	5	reuse
ジョニーの楽器	Instruments belonging to Johnny.	14	32	reuse
ジーラス	Zealous	8	7	reuse
ジーンチップ	Gene Chip	12	9	reuse
スイートパフェ	Sweet Parfait	14	13	reuse
スウィフト	Swift	10	5	reuse
スウィート	Sweet	10	5	reuse
スカウト	Scout	8	5	reuse
スカウトオーブ	Scout Orb	14	9	reuse
スカル	Skull	6	5	reuse
スカーレット	Scarlet	12	7	reuse
スカーレットニードル	Scarlet Needle	20	14	reuse
スキル	Skill	6	5	reuse
スキルフル	Skillful	10	8	reuse
スキルレベル	Skill Level	12	11	reuse
スクラマサクス	Scramasax	14	9	reuse
スクリーンチャット字幕	Screen Chat Subtitles	22	21	reuse
スクワイア	Squire	10	6	reuse
スケイルメイル	Scale Mail	14	10	reuse
スコップ	Shovel	8	6	reuse
スサノオの兜	Susanowo's Helmet	12	17	reuse
スタッフ	Staff	8	5	reuse
スタッフィ	Stuffy	10	6	reuse
スタビリティ	Stability	12	9	reuse
スタンプカード	Stamp Card	14	10	reuse
スタンプラリーマスター	Stamp Rally Master	22	18	reuse
スター	Star	6	4	reuse
スターグローブ	Star Gloves	14	11	reuse
スターダスト	Stardust	12	8	reuse
スターダストストリーム	Stardust Stream	22	15	reuse
スターブレスレット	Star Bracelet	18	13	reuse
スティレット	Stiletto	12	8	reuse
スティングレイブ	Sting Rave	16	10	reuse
スティール	Steel	10	5	reuse
ステイシス	Stasis	10	6	reuse
ステキアイテム引継ぎ	Carry Rare Items	20	16	reuse
ステップ	Step	8	4	reuse
ステンレスのフライパン	Stainless Frying Pan	22	20	reuse
ステーキ	Steak	8	5	reuse
ステータス	Status	10	6	reuse
ステータス異常を防ぐ確率上昇	Increases status ailment resistance	28	35	reuse
ストライク	Strike	10	6	reuse
ストライクイーグル	Strike Eagle	18	12	reuse
ストライプ	Striped	10	7	reuse
ストレイライズ大神殿	Straylize Temple	20	16	reuse
ストレイライズ遺跡へ	To Straylize Ruins	20	18	reuse
ストレングス	Strength	12	8	reuse
ストレンジ	Strange	10	7	reuse
ストロング	Strong	10	6	reuse
ストーム	Storm	8	5	reuse
ストームブリンガー	Stormbringer	18	12	reuse
ストーンザッパー	Stone Zapper	16	12	reuse
スナッチャー	Snatcher	12	8	reuse
スノーフリア	Snowfria	12	8	reuse
スパイカー	Spiker	10	6	reuse
スパイダー	Spider	10	6	reuse
スパイト	Spite	8	5	reuse
スパイラルケイブ	Spiral Cave	16	11	reuse
スパイラルケイブに	To Spiral Cave	18	14	reuse
スピリッツ	Spirit	10	6	reuse
スピリット	Spirit	10	6	reuse
スプライト	Sprite	10	6	reuse
スプラッシュ	Splash	12	6	reuse
スプリント	Sprint	10	6	reuse
スプリントメイル	Splint Mail	16	11	reuse
スプレッド	Spread	10	6	reuse
スペクタクルズ	Magic Lens	14	10	reuse
スペクター	Specter	10	7	reuse
スペクトラル	Spectral	12	8	reuse
スペランツァ	Speranza	12	8	reuse
スペル	Spell	6	5	reuse
スマイルウェイトレス	Smiling Waitress	20	16	reuse
スライト	Sleight	8	7	reuse
スラストファング	Thrust Fang	16	11	reuse
スリヴァー	Sliver	10	6	reuse
スレイヤー	Slayer	10	6	reuse
スロットレベル	Slot Level	14	10	reuse
スロット効果が発動し、	Slot effect activated:	22	22	reuse
スロット引継ぎ	Carry Slots	14	11	reuse
スローター	Slaughter	10	9	reuse
スーツ	Suit	6	4	reuse
スーパーハッカー	Super Hacker	16	12	reuse
セイクリッド	Sacred	12	6	reuse
セイントリー	Saintly	12	7	reuse
セフィラ	Sephira	8	7	reuse
セプター	Scepter	8	7	reuse
セボリー	Savory	8	6	reuse
セミオート	Semi-Auto	10	9	reuse
セラフィック	Seraphic	12	8	reuse
セルキー	Cell Key	8	8	reuse
セルチップ	Cell Chip	10	9	reuse
セルリアン	Cerulean	10	8	reuse
セレスティアルスター	Celestial Star	20	14	reuse
セレスティアルマント	Celestial Cape	20	14	reuse
セレニティ	Serenity	10	8	reuse
セレネ	Selene	6	6	reuse
センコウショウ	Senkosho	14	8	reuse
センコウバッパ	Senkobappa	14	10	reuse
センヒョウセン	Senhyousen	14	10	reuse
センレツココウセン	Senretsukokousen	18	16	reuse
セージ	Sage	6	4	reuse
セーブ	Save	6	4	reuse
ゼピュロス	Zephyrus	10	8	reuse
ゼファー	Zephyr	8	6	reuse
ソイル	Soil	6	4	reuse
ソウダショウ	Soudashou	12	9	reuse
ソウハジン	Sohajin	10	7	reuse
ソウルクラッシュワンド	Soulcrush Wand	22	14	reuse
ソウルスティール	Soul Stealer	16	12	reuse
ソウレンゲキ	Sourengeki	12	10	reuse
ソルブライト	Sol Radiance	12	12	reuse
ソーイング	Thawing	10	7	reuse
ソーサラー	Sorceress	10	9	reuse
ソーサラースコープ	Sorcerer's Scope	18	16	reuse
ソーサラースコープ使用方法	Using the Sorcerer's Scope	26	26	reuse
ソーサラーリング	Sorcerer's Ring	16	15	reuse
ソーサラーリングで撃て	Shoot the Sorcerer's Ring	22	25	reuse
ソーサラーリング使用方法	Using the Sorcerer's Ring	24	25	reuse
ソーディアンがほしい	I Want a Swordian	20	17	reuse
ソーディアンチームに続け！	Follow the Swordian Team!	26	25	reuse
ソーディアンチーム全員集合	Swordian Team Assemble	26	22	reuse
ソード	Sword	6	5	reuse
ソードブレイカー	Swordbreaker	16	12	reuse
ソーンズ	Retort	8	6	reuse
ゾディアック	Zodiac	12	6	reuse
ゾーディアン・マズダー	Swordian Master	22	15	reuse
タイ	Red Snapper	4	11	reuse
タイアレス	Tireless	10	8	reuse
タイダルウェーブ	Tidal Wave	16	10	reuse
タイプ	Type	6	4	reuse
タイラント	Tyrant	10	6	reuse
タコ	Octopus	4	7	reuse
タスクフォース	Task Force	14	10	reuse
タッグチャンピオン	Tug Champion	18	12	reuse
タバール	Tabar	8	5	reuse
タマグシの篭手	Tamagushi's Gauntlets	14	21	reuse
タマゴ	Egg	6	3	reuse
タマネギ	Onion	8	5	reuse
タリスマン	Talisman	10	8	reuse
タルワール	Talwar	10	6	reuse
タンジリン	Tangerine	10	9	reuse
ターゲット変更	Change Target	14	13	reuse
ダイクロフト	Dycroft	12	7	reuse
ダイクロフト牢屋前	Dycroft Prison Gate	18	19	reuse
ダイコン	Radish	8	6	reuse
ダイヤモンド	Diamond	12	7	reuse
ダイヤモンドエッジ	Diamond Edge	18	12	reuse
ダイヤモンドブレスレット	Diamond Bracelet	24	16	reuse
ダスク	Dusk	6	4	reuse
ダッシュ	Dash	8	4	reuse
ダブルブレード	Double Edge	14	11	reuse
ダマスカス	Damascus	10	8	reuse
ダメージ	Damage	8	6	reuse
ダメージ硬直時間の減少	Reduces Stun time	22	17	reuse
ダメージ量でＴＰ回復	Recover TP relative to damage taken	20	35	reuse
ダリルシェイドへ	To Darilsheid	16	13	reuse
ダリルシェイド地下	Darilsheid Underground	18	22	reuse
ダンシング	Dancing	10	7	reuse
ダークネス	Dark	10	4	reuse
ダークボトル	Dark Bottle	12	11	reuse
ダークロアー	Dark Lore	12	9	reuse
チアリング	Cheering	10	8	reuse
チェイン	Chain	8	5	reuse
チェインハンター	Chain Hunter	16	12	reuse
チェインブーツ	Chain Boots	14	11	reuse
チェインマスター	Chain Master	16	12	reuse
チェインメイル	Chain Mail	14	10	reuse
チェインレベル	Chain Level	14	11	reuse
チェリク	Cherik	8	6	reuse
チェリク行き定期便	Ferry to Cherik	18	15	reuse
チェルシーの小屋	Chelsea's Hut	16	13	reuse
チタンのフライパン	Titanium Frying Pan	18	19	reuse
チビッコにボコボコ	Beaten by Kids	18	14	reuse
チャイナドレス	Chinese Dress	14	13	reuse
チャクマク	Chakmak	10	7	reuse
チャコール	Charcoal	10	8	reuse
チャラックの種	Charak Seed	14	11	reuse
チャンス	Chance	8	6	reuse
チャンピオン	Champion	12	8	reuse
チャームボトル	Charm Bottle	14	12	reuse
チュニック	Tunic	10	5	reuse
チリハジン	Chirihajin	10	10	reuse
チンクエディア	Cinquedea	14	9	reuse
チーズ	Cheese	6	6	reuse
チーズケーキ	Cheesecake	12	10	reuse
チーフテン	Chieftain	10	9	reuse
ツイヨウセン	Tsuiyousen	12	10	reuse
ツルハシ	Pick	8	4	reuse
ティアラ	Tiara	8	5	reuse
ティタニア	Titania	10	7	reuse
ティンバー	Timber	10	6	reuse
テクニカルリング	Technical Ring	16	14	reuse
テクノロジー	Technology	12	10	reuse
テトラスラッシュ	Tetra Slash	16	11	reuse
テンショウダン	Tenshodan	14	9	reuse
テンペスト	Tempest	10	7	reuse
ディアティ	Deity	10	5	reuse
ディアボリックファング	Diabolic Fang	22	13	reuse
ディザスター	Disaster	12	8	reuse
ディジーズ	Diseased	10	8	reuse
ディバインセイバー	Divine Saber	18	12	reuse
ディフェンス	Defense	12	7	reuse
ディヴァインクレスト	Divine Crest	20	12	reuse
ディヴァインロッド	Divine Rod	18	10	reuse
ディヴォート	Devoted	12	7	reuse
ディープミスト	Deep Mist	14	9	reuse
デクスタラス	Dexterous	12	9	reuse
デスストローク	Death Stroke	14	12	reuse
デストロイ	Destroy	10	7	reuse
デストロイヤー	Destroyer	14	9	reuse
デスペラード	Desperado	12	9	reuse
デッキブラシ	Deck Brush	12	10	reuse
デッドリー	Deadly	10	6	reuse
デバッグ　テスト	Debug Test	16	10	reuse
デビル	Devil	6	5	reuse
デフォルト	Default	10	7	reuse
デフレクト	Deflect	10	7	reuse
デモリション	Demolition	12	10	reuse
デモンズシール	Demon's Seal	14	12	reuse
デュエリスト	Duelist	12	7	reuse
デュナミス	Dunamis	10	7	reuse
デュランダル	Durandal	12	8	reuse
デルタレイ	Delta Ray	10	9	reuse
データをロードする	Load data	18	9	reuse
デートはハイデルベルグ	A Date in Heidelberg	22	20	reuse
デーモン	Demon	8	5	reuse
トゥインクル	Twinkling	12	9	reuse
トゥインクル・スター	Twinkling Star	20	14	reuse
トパーズ	Topaz	8	5	reuse
トマト	Tomato	6	6	reuse
トマホーク	Tomahawk	10	8	reuse
トライデント	Trident	12	7	reuse
トラッシュマウンテン	Trash Mountain	20	14	reuse
トラッシュマウンテンを抜けて	Through Trash Mountain	28	22	reuse
トラップ	Trap	8	4	reuse
トランキル	Tranquil	10	8	reuse
トランプル	Trample	10	7	reuse
トリックスター	Trickster	14	9	reuse
トリトン	Triton	8	6	reuse
トリニティスパーク	Trinity Spark	18	13	reuse
トリュウレンゲキハ	Toryurengekiha	18	14	reuse
トレカ	Trading Card	6	12	reuse
トレジャー	Treasure	10	8	reuse
トロール	Troll	8	5	reuse
トワリングスティック	Twirling Baton	20	14	reuse
トンカチ	Hammer	8	6	reuse
トンズラ一家物語	Runaway Family Tale	16	19	reuse
トーピード	Torpedo	10	7	reuse
ドゥーム	Doom	8	4	reuse
ドミニオン	Dominion	10	8	reuse
ドミネイトカスク	Dominate Casque	16	15	reuse
ドミネイトティアラ	Dominate Tiara	18	14	reuse
ドミネイトワンド	Dominate Wand	16	13	reuse
ドライアド	Dryad	10	5	reuse
ドライビンアクス	Driving Axe	16	11	reuse
ドライビング	Driving	12	7	reuse
ドラグーン	Dragoon	10	7	reuse
ドラゴン	Dragon	8	6	reuse
ドラゴンに対して有効	Strong against dragons	20	22	reuse
ドラゴントゥース	Dragon's Tooth	16	14	reuse
ドリーム	Dream	8	5	reuse
ドリームフランジ	Dream Flange	16	12	reuse
ドルゲニアの種	Dolgenia Seed	14	13	reuse
ドレイク	Drake	8	5	reuse
ドレインチェック	Slow Charm	16	10	reuse
ドレス	Dress	6	5	reuse
ドレッド	Dread	8	5	reuse
ナイスウェイター	Nice Waiter	16	11	reuse
ナイツ	Knight	6	6	reuse
ナイトメア	Nightmare	10	9	reuse
ナイトメアブーツ	Succubus Boots	16	14	reuse
ナナリー	Nanaly	8	6	reuse
ナポリタン	Spaghetti	10	9	reuse
ナリッジ	Knowledge	8	9	reuse
ナールドスタッフ	Gnarled Staff	16	13	reuse
ニットウェア	Knitwear	12	8	reuse
ニンジン	Carrot	8	6	reuse
ニンブル	Nimble	8	6	reuse
ネガティブゲイト	Negative Gate	16	13	reuse
ネビュラ	Nebula	8	6	reuse
ノイシュタット	Neuestadt	14	9	reuse
ノイシュタットの港へ	To Neuestadt Port	20	17	reuse
ノキサス	Noxious	8	7	reuse
ノコギリ	Saw	8	3	reuse
ノトス	Notos	6	5	reuse
ノーブルサレット	Noble Sallet	16	12	reuse
ノーブルヴェール	Noble Veil	16	10	reuse
ノーム	Gnome	6	5	reuse
ハイデルベルグ	Heidelberg	14	10	reuse
ハイデルベルグ賛美	Praising Heidelberg	18	19	reuse
ハイパー	Hyper	8	5	reuse
ハイパーガントレット	Hyper Gauntlets	20	15	reuse
ハイリワード	Premium	12	7	reuse
ハウリング	Howling	10	7	reuse
ハウンド	Hound	8	5	reuse
ハッピー	Happy	8	5	reuse
ハヌマンシャフト	Hanuman Shaft	16	13	reuse
ハミリティ	Humility	10	8	reuse
ハムスター	Hamster	10	7	reuse
ハムスター名入力	Hamster name entry	16	18	reuse
ハリケーン	Hurricane	10	9	reuse
ハルバード	Halberd	10	7	reuse
ハルマゲドン	Armageddon	12	10	reuse
ハロルド	Harold	8	6	reuse
ハングアップ	Hang Up	12	7	reuse
ハンターズマント	Hunter's Cape	16	13	reuse
ハンターボウ	Hunter Bow	12	10	reuse
ハンドトゥハンド	Hand-to-Hand	16	12	reuse
ハンバーガー	Hamburger	12	9	reuse
ハンマー	Hammer	8	6	reuse
ハートトゥハート	Heart-to-Heart	16	14	reuse
ハーピー	Harpy	8	5	reuse
ハーベスト	Harvest	10	7	reuse
ハーミット	Hermit	10	6	reuse
ハーメンツヴァレー	Harmentz Valley	18	15	reuse
ハーモニー	Harmony	10	7	reuse
ハーレクイン	Harlequin	12	9	reuse
バイオキー	Bio Key	10	7	reuse
バイオチップ	Bio Chip	12	8	reuse
バイタリティ	Vitality	12	8	reuse
バウンティ	Bounty	10	6	reuse
バクエンケン	Bakuenken	12	9	reuse
バサルト	Basalt	8	6	reuse
バシネット	Basinet	10	7	reuse
バシリスク	Basilisk	10	8	reuse
バジネット	Basinet	10	7	reuse
バジリスクの鱗	Basilisk Scale	14	14	reuse
バゼラード	Baselard	10	8	reuse
バター	Butter	6	6	reuse
バッカイショウ	Bakkaisho	14	9	reuse
バッシャー	Basher	10	6	reuse
バッシング	Bashing	10	7	reuse
バテてないで	Don't Wear Out	12	14	reuse
バトルアクス	Battle Axe	12	10	reuse
バトルスーツ	Battle Suit	12	11	reuse
バトルブーツ	Battle Boots	12	12	reuse
バトルボウ	Battle Bow	10	10	reuse
バナナ	Banana	6	6	reuse
バハムート	Bahamut	10	7	reuse
バハムートティア	Bahamut's Tear	16	14	reuse
バランス	Balanced	8	8	reuse
バルバトスの引き際	Barbatos Withdraws	18	18	reuse
バルバトスの挑戦状	Barbatos's Challenge	18	20	reuse
バルビュータ	Barbuta	12	7	reuse
バルムンク	Balmung	10	7	reuse
バーミリオン	Vermilion	12	9	reuse
バーンストライク	Burn Strike	16	11	reuse
パイルドライバー	Piledriver	16	10	reuse
パイレックス	Pyrex	12	5	reuse
パイングミ	Pineapple Gel	10	13	reuse
パエリア	Paella	8	6	reuse
パスタ	Pasta	6	5	reuse
パスタイム	Pastime	10	7	reuse
パトリオット	Patriot	12	7	reuse
パナシーアボトル	Panacea Bottle	16	14	reuse
パペット	Puppet	8	6	reuse
パラダイス	Paradise	10	8	reuse
パラダイム	Paradigm	10	8	reuse
パラディン	Paladin	10	7	reuse
パラライズ	Paralysis	10	9	reuse
パラライズチェック	Paralysis Charm	18	15	reuse
パラレルワールド	Parallel World	16	14	reuse
パリーイングダガー	Parrying Dagger	18	15	reuse
パレオ	Pareo	6	5	reuse
パワー	Power	6	5	reuse
パン	Pan	4	3	reuse
パーティのはじまりだぜ！	Let the Party Begin!	24	20	reuse
パーティ表示	Party Display	12	13	reuse
パーフェクト	Perfect	12	7	reuse
ヒット時の敵の硬直時間を長くする	Increases the stun time incurred when anenemy is hit.	32	53	reuse
ヒレンザン	Hirenzan	10	8	reuse
ヒーティング	Heating	12	7	reuse
ヒートリバー	Heat River	12	10	reuse
ヒートリバーを越えて	Across the Heat River	20	21	reuse
ヒーリング	Healing	10	7	reuse
ヒール	Heal	6	4	reuse
ヒールバングル	Heal Bangle	14	11	reuse
ビッグシェフ	Big Chef	12	8	reuse
ビッグバン	Big Bang	10	8	reuse
ビッグ富豪	Mega Millionaire	10	16	reuse
ビヒーモス	Behemoth	10	8	reuse
ビースト	Beast	8	5	reuse
ピクシー	Pixie	8	5	reuse
ピュアブライト	Illumina	14	8	reuse
ピヨハン	Stun Bracelet	8	13	reuse
ピレッジ	Pillage	8	7	reuse
ファイア	Fire	8	4	reuse
ファイナル	Final	10	5	reuse
ファイナー	Finer	10	5	reuse
ファイン	Fine	8	4	reuse
ファティーグ	Fatigue	12	7	reuse
ファニー	Funny	8	5	reuse
ファフニール	Fafnir	12	6	reuse
ファブリックグローブ	Fabric Gloves	20	13	reuse
ファミリア	Familiar	10	8	reuse
ファルクス	Falx	10	4	reuse
ファルシオン	Falchion	12	8	reuse
ファンシードレス	Fancy Dress	16	11	reuse
ファンタジー	Fantasy	12	7	reuse
ファントム	Phantom	10	7	reuse
ファーヴァー	Fervor	12	6	reuse
フィアフルストーム	Fearful Storm	18	13	reuse
フィート	Feat	8	4	reuse
フィートシンボル	Warrior Symbol	16	14	reuse
フィールド	Field	10	5	reuse
フィールドプレート	Field Plate	18	11	reuse
フィールド・アクアヴェイル地方	Field - Aquaveil Region	30	23	reuse
フィールド・カルバレイス北部	Field - Calvalese North	28	23	reuse
フィールド・カルバレイス南部	Field - Calvalese South	28	23	reuse
フィールド・カルバレイス地方	Field - Calvalese Region	28	24	reuse
フィールド・スパイラルケイブ周辺	Field - Spiral Cave Area	32	24	reuse
フィールド・スペランツァ周辺	Field - Speranza Area	28	21	reuse
フィールド・デビルズリーフ	Field - Devil's Reef	26	20	reuse
フィールド・ファンダリア南東諸島	Field - Phandaria SE Isles	32	26	reuse
フィールド・ファンダリア地方	Field - Phandaria Region	28	24	reuse
フィールド・フィッツガルド地方	Field - Fitzgald Region	30	23	reuse
フィールド・レアルタ周辺	Field - Realta Area	24	19	reuse
フィールド・ヴァンジェロ周辺	Field - Vangelo Area	28	20	reuse
フィールド・地上軍拠点北部	Field - Er'ther Base North	26	26	reuse
フィールド・地上軍拠点周辺	Field - Er'ther Base Area	26	25	reuse
フィールド・海上	Field - At Sea	16	14	reuse
フィーンド	Fiend	10	5	reuse
フウジンショウ	Fujinshou	14	9	reuse
フェアリィ	Faerie	10	6	reuse
フェアリィリング	Faerie Ring	16	11	reuse
フェイス	Face	8	4	reuse
フェイムフェイス	Fame and Faith	16	14	reuse
フェザー	Feather	8	7	reuse
フェニックス	Phoenix	12	7	reuse
フォッケウルフ	Focke-Wulf	14	10	reuse
フォトン	Photon	8	6	reuse
フォトンブレイズ	Photon Blaze	16	12	reuse
フォレスト	Forest	10	6	reuse
フォージ	Forge	8	5	reuse
フォース	Force	8	5	reuse
フォースリング	Force Ring	14	10	reuse
フォーチュン	Fortune	12	7	reuse
フォーチュンブレスレット	Fortune Bracelet	24	16	reuse
フォートレス	Fortress	12	8	reuse
フラックス	Flux	10	4	reuse
フラムベルク	Flamberge	12	9	reuse
フランブレイブ	Flambrave	14	9	reuse
フリーズ	Freeze	8	6	reuse
フリーズチェック	Freeze Charm	16	12	reuse
フリーズハンター	Freeze Hunter	16	13	reuse
フルプレート	Full Plate	12	10	reuse
フルーツサンド	Fruit Sandwich	14	14	reuse
フルーツジュース	Fruit Juice	16	11	reuse
フルーツポンチ	Fruit Cocktail	14	14	reuse
フレア	Flare	6	5	reuse
フレアスカート	Flare Skirt	14	11	reuse
フレアボトル	Flare Bottle	12	12	reuse
フレアマント	Flare Cape	12	10	reuse
フレイムドライブ	Flame Drive	16	11	reuse
フレグランス	Fragrance	12	9	reuse
フレッチ	Fletch	8	6	reuse
フレンジーカスク	Frenzy Casque	16	13	reuse
フレンジーロッド	Frenzy Rod	16	10	reuse
フロード	Fraud	8	5	reuse
フンジンレッパショウ	Funjinreppashou	20	15	reuse
ブラウン	Brown	8	5	reuse
ブラスター	Blaster	10	7	reuse
ブラックオニキス	Black Onyx	16	10	reuse
ブラックコーラル	Black Coral	16	11	reuse
ブラックダイア	Black Diamond	14	13	reuse
ブラックパール	Black Pearl	14	11	reuse
ブラックホール	Black Hole	14	10	reuse
ブラッディ	Bloody	10	6	reuse
ブラッディクロス	Bloody Cross	16	12	reuse
ブリガンディ	Brigandine	12	10	reuse
ブリッジヘッド	Bridgehead	14	10	reuse
ブリット	Bullet	8	6	reuse
ブリリアント	Brilliant	12	9	reuse
ブルークリスタルロッド	Blue Crystal Rod	22	16	reuse
ブルーム	Broom	8	5	reuse
ブレイク	Break	8	5	reuse
ブレスト	Breast	8	6	reuse
ブレストプレート	Breastplate	16	11	reuse
ブレスドアーメット	Blessed Armet	18	13	reuse
ブレスドリボン	Blessed Ribbon	14	14	reuse
ブレッド	Bread	8	5	reuse
ブレード	Blade	8	5	reuse
ブロッキング	Blocking	12	8	reuse
ブロードソード	Broad Sword	14	11	reuse
ブローバー	Bullova	10	7	reuse
ブーツ	Boots	6	5	reuse
プライズ	Prized	8	6	reuse
プライム	Prime	8	5	reuse
プラギュー	Plague	10	6	reuse
プラティナム	Platinum	12	8	reuse
プラネット	Planet	10	6	reuse
プリシジョン	Precision	12	9	reuse
プリズム	Prism	8	5	reuse
プリズムフラッシャ	Prismatic Flasher	18	17	reuse
プリティ	Pretty	8	6	reuse
プリティミトン	Pretty Mittens	14	14	reuse
プリティーウェイトレス	Pretty Waitress	22	15	reuse
プリンセスケープ	Princess Cape	16	13	reuse
プリンセス・オブ・マーメイド	Princess of Mermaids	28	20	reuse
プリースト	Priestess	10	9	reuse
プレイタイム	Play Time	12	9	reuse
プレイ時間を引き継いでゲーム開始できます	Carry over your play time.	40	26	reuse
プレイ時間引継ぎ	Carry Play Time	16	15	reuse
プレジャー	Bliss	10	5	reuse
プレステージ	Prestige	12	8	reuse
プレデター	Predator	10	8	reuse
プレントリー	Plentiful	12	9	reuse
プレート	Plate	8	5	reuse
プレートブーツ	Plate Boots	14	11	reuse
プレートメイル	Plate Mail	14	10	reuse
プロテクト	Protect	10	7	reuse
プロテクトリング	Protect Ring	16	12	reuse
ヘイスト	Haste	8	5	reuse
ヘルファイア	Hellfire	12	8	reuse
ヘルム	Helm	6	4	reuse
ヘヴィブーツ	Heavy Boots	12	11	reuse
ヘヴンズ	Heaven	8	6	reuse
ヘヴンリーガーブ	Heavenly Garb	16	13	reuse
ベイシス	Basis	8	5	reuse
ベスティアル	Bestial	12	7	reuse
ベストウェイター	Best Waiter	16	11	reuse
ベテラン	Veteran	8	7	reuse
ベルセリウム	Berselium	12	9	reuse
ベルセリオス	Berselius	12	9	reuse
ベルセルク	Berserker	10	9	reuse
ベルベット	Velvet	10	6	reuse
ベルベーヌ	Verbena	10	7	reuse
ベレット	Beret	8	5	reuse
ペインフル	Painful	10	7	reuse
ペガサス	Pegasus	8	7	reuse
ペスカトーレ	Pescatore	12	9	reuse
ペルシアブーツ	Persian Boots	14	13	reuse
ペルシャ	Persia	8	6	reuse
ペンペンの種	Phen Seed	12	9	reuse
ホイル焼き	Foil Grill	10	10	reuse
ホウツイショウ	Hotsuisho	14	9	reuse
ホウリュウザンコウケン	Horyu Zankoken	22	14	reuse
ホロスコープ	Horoscope	12	9	reuse
ホワイトグローブ	Bridal Gloves	16	13	reuse
ホーバーク	Hauberk	10	7	reuse
ホープタウン	Hope Town	12	9	reuse
ホープタウンで再会	Reunion in Hope Town	18	20	reuse
ホープタウンで待つ人	Waiting in Hope Town	20	20	reuse
ホーリィ	Holy	8	4	reuse
ホーリィシンボル	Holy Symbol	16	11	reuse
ホーリィボトル	Holy Bottle	14	11	reuse
ホーロー鍋	Enamel Pot	10	10	reuse
ボウイナイフ	Bowie Knife	12	11	reuse
ボディスーツ	Body Suit	12	9	reuse
ボルシチ	Borscht	8	7	reuse
ボレアス	Boreas	8	6	reuse
ボーン	Bone	6	4	reuse
ポイズン	Poison	8	6	reuse
ポイズンチェック	Poison Charm	16	12	reuse
ポセイドン	Poseidon	10	8	reuse
ポムポムの種	Pom Seed	12	8	reuse
ポールアクス	Pole Axe	12	8	reuse
マイティ	Mighty	8	6	reuse
マインド	Mind	8	4	reuse
マインドクライ	Mindcry	14	7	reuse
マクシミリアン	Maximilian	14	10	reuse
マグロ	Tuna	6	4	reuse
マグログミ	Tuna Gel	10	8	reuse
マジェスティ	Majesty	12	7	reuse
マジカル	Magical	8	7	reuse
マジカルポット	Magical Pot	14	11	reuse
マジカルルージュ	Magical Rouge	16	13	reuse
マジシャン	Magician	10	8	reuse
マジック	Magic	8	5	reuse
マジックレベル	Magic Level	14	11	reuse
マジンメッサツエン	Majinmessatsuen	18	15	reuse
マスター	Bartender	8	9	reuse
マスターキー	Master Key	12	10	reuse
マスターキー入手	Master Key Obtained	16	19	reuse
マスターキー入手後	After the Master Key	18	20	reuse
マスターピース	Masterpiece	14	11	reuse
マッハねーちゃん	Mach Sister	16	11	reuse
マッハガール	Mach Girl	12	9	reuse
マッハ仮面	Masked Mach	10	11	reuse
マッハ兄貴	Mach Brother	10	12	reuse
マッハ青年	Mach Boy	10	8	reuse
マップ	Map	6	3	reuse
マニュアル	Manual	10	6	reuse
マヌーヴァー	Maneuver	12	8	reuse
マム・ベイン	Mumbane	12	7	reuse
マラカイトクラウン	Malachite Crown	18	15	reuse
マラカイトサレット	Malachite Sallet	18	16	reuse
マラカイトメイス	Malachite Mace	16	14	reuse
マリーの噂	Rumors of Marie	10	15	reuse
マンゴーシュ	Main Gauche	12	11	reuse
マント	Cape	6	4	reuse
マーシナリー	Mercenary	12	9	reuse
マーシャル	Marshal	10	7	reuse
マーシレス	Merciless	10	9	reuse
マーシー	Mercy	8	5	reuse
マーチャント	Merchant	12	8	reuse
マーテル	Martel	8	6	reuse
マーブル	Marble	8	6	reuse
マーボーカレー	Mabo Curry	14	10	reuse
マーボーカレー大好き君	Mr. Mabo Curry Lover	22	20	reuse
ミカグラの足袋	Mikagura's Socks	14	16	reuse
ミザリー	Misery	8	6	reuse
ミスタークイズ	Mr. Quiz	14	8	reuse
ミスティ	Mystic	8	6	reuse
ミスティシンボル	Mystic Symbol	16	13	reuse
ミスリル	Mythril	8	7	reuse
ミスリルグローブ	Mythril Gloves	16	14	reuse
ミスリルブレスレット	Mythril Bracelet	20	16	reuse
ミセリコルデ	Mercygiver	12	10	reuse
ミソ	Miso	4	4	reuse
ミックスグミ	Melange Gel	12	11	reuse
ミックス・マスター	Mix Master	18	10	reuse
ミディブラウス	Middy Blouse	14	12	reuse
ミネストローネ	Minestrone	14	10	reuse
ミノタウロス	Minotaurus	12	10	reuse
ミョルニル	Mjollnir	10	8	reuse
ミラクル	Miracle	8	7	reuse
ミラクルグミ	Miracle Gel	12	11	reuse
ミラクルチャーム	Miracle Charm	16	13	reuse
ミラージュ	Mirage	10	6	reuse
ミラージュマント	Mirage Cape	16	11	reuse
ミルク	Milk	6	4	reuse
ミートローフ	Meatloaf	12	8	reuse
ムヒョウショウ	Muhyosho	14	8	reuse
ムーン	Moon	6	4	reuse
ムーンセレクター	Moon Selector	16	13	reuse
メイガス	Magus	8	5	reuse
メイジ	Mage/Magician/Wizard	6	20	reuse
メイジフィンガー	Mage's Finger	16	13	reuse
メイス	Mace	6	4	reuse
メイスン	Mason	8	5	reuse
メイデンヘアー	Maiden Hairpin	14	14	reuse
メイル	Mail	6	4	reuse
メイルブレイカー	Armor Breaker	16	13	reuse
メギンギョルズ	Megingjord	14	10	reuse
メジャー	Major	8	5	reuse
メッサーシュミット	Messerschmitt	18	13	reuse
メッシュ	Mesh	8	4	reuse
メッシュアーマー	Mesh Armor	16	10	reuse
メッシュブーツ	Mesh Boots	14	10	reuse
メッセージスピード	Message Speed	18	13	reuse
メテオリック	Meteoric	12	8	reuse
メディカル	Medical	10	7	reuse
メディテイト	Meditate	12	8	reuse
メデューサ	Medusa	10	6	reuse
メニュー	Menu	8	4	reuse
メニュー背景	Menu BG	12	7	reuse
メルクマール	Merkmal	12	7	reuse
メルティング	Melting	12	7	reuse
メレーバシネット	Melee Basinet	16	13	reuse
メンタル	Mental	8	6	reuse
メンタルバングル	Mental Bangle	16	13	reuse
メンタルリング	Spirit Ring	14	11	reuse
モスキート	Mosquito	10	8	reuse
モテモテウェイター	Sexy Waiter	18	11	reuse
モラール	Morale	8	6	reuse
モンスターマスター	Monster Hunter	18	14	reuse
モンスター図鑑	Monster Book	14	12	reuse
ヤサカニノマガタマ	Yasakani Jewel	18	14	reuse
ヤタノカガミ	Yata Mirror	12	11	reuse
ユニコーンホーン	Unicorn Horn	16	12	reuse
ユニヴァース	Universe	12	8	reuse
ユースフル	Youthful	10	8	reuse
ユーモラスフェイス	Funny Face	18	10	reuse
ヨーグルト	Yogurt	10	6	reuse
ライガショウ	Raigashou	12	9	reuse
ライジンショウ	Raijinshou	14	10	reuse
ライス	Rice	6	4	reuse
ライト	Light	6	5	reuse
ライフボトル	Life Bottle	12	11	reuse
ライフル	Rifle	8	5	reuse
ラグナ遺跡	Laguna	10	6	reuse
ラグナ遺跡　橋	Laguna Ruins Bridge	14	19	reuse
ラグナ遺跡ってどこ？	Where's Laguna Ruins?	20	21	reuse
ラグナ遺跡に	To Laguna Ruins	12	15	reuse
ラグナ遺跡最上部	Laguna Ruins Summit	16	19	reuse
ラストクルセイダー	Last Crusader	18	13	reuse
ラストフェンサー	Last Fencer	16	11	reuse
ラスト・ヴァニッシャー	Last Vanisher	22	13	reuse
ラック	Luck	6	4	reuse
ラディスロウへ行くわよ	We're Off to Radisrol	22	21	reuse
ラナウェイ	Runaway	10	7	reuse
ラナケアルの種	Lanakear Seed	14	13	reuse
ラビット	Rabbit	8	6	reuse
ラビットシンボル	Rabbit's Foot	16	13	reuse
ラピスラズリ	Lapis Lazuli	12	12	reuse
ラピスラズリブレスレット	Lapis Lazuli Bracelet	24	21	reuse
ラピッドボウ	Rapid Bow	12	9	reuse
ラブリィ	Lovely	8	6	reuse
ラブリィミトン	Lovely Mittens	14	14	reuse
ラブリーウェイトレス	Lovely Waitress	20	15	reuse
ラプター	Raptor	8	6	reuse
ラベンダー	Lavender	10	8	reuse
ラメラー	Lamellar	8	8	reuse
ランダムで料理を行います	Dish will be ﾂ鎤ⅱed at random	24	30	reuse
ランパート	Rampart	10	7	reuse
ランページ	Rampage	10	7	reuse
ラーヴァ	Lava	8	4	reuse
リアラ	Reala	6	5	reuse
リカバー	Recover	8	7	reuse
リキュールボトル	Liqueur Bottle	16	14	reuse
リグロース	Regrowth	10	8	reuse
リザルヴ	Resolve	8	7	reuse
リザレクション	Revitalize	14	10	reuse
リザード	Lizard	8	6	reuse
リゾット	Risotto	8	7	reuse
リチュアル	Ritual	10	6	reuse
リトラー総司令のはからい	Commander Littler's Favor	24	25	reuse
リバウンド	Rebound	10	7	reuse
リバース	Rebirth	8	7	reuse
リバースドール	Rebirth Doll	14	12	reuse
リファイン	Refine	10	6	reuse
リフレクト	Reflect	10	7	reuse
リフレクトリング	Reflect Ring	16	12	reuse
リフレックス	Reflex	12	6	reuse
リボン	Ribbon	6	6	reuse
リュウエンセン	Ryuuensen	14	9	reuse
リュウレンダン	Ryurendan	14	9	reuse
リリス	Lilith	6	6	reuse
リリスの家で朝ゴハン	Breakfast at Lilith's	20	21	reuse
リリックセプター	Lyric Scepter	16	13	reuse
リリックベレット	Lyric Beret	16	11	reuse
リリーヴ	Relieving	8	9	reuse
リレントリー	Relent	12	6	reuse
リングメイル	Ring Mail	12	9	reuse
リンゴ	Apple	6	5	reuse
リヴェンジ	Revenge	10	7	reuse
リーダーに続け	and artes.Follow Leader	14	23	reuse
リーディング	Leading	12	7	reuse
リーネ	Lienea	6	6	reuse
リーネの中で	Inside Lien	12	11	reuse
ルナシェイド	Luna Shade	12	10	reuse
ルナティック	Lunatic	12	7	reuse
ルビー	Ruby	6	4	reuse
ルーン	Rune	6	4	reuse
ルーンブレイド	Rune Blade	14	10	reuse
ルーンボトル	Rune Bottle	12	11	reuse
ルーンボトルの変更はできません	Rune Bottles can't change.	30	26	reuse
レアカイザー	Rare Kaiser	12	11	reuse
レアガントレット	Rare Gauntlets	16	14	reuse
レアメタル	Rare Metal	10	10	reuse
レアルタに行くぞ!!	To Realta!!	18	11	reuse
レイズデッド	Resurrection	12	12	reuse
レイピア	Rapier	8	6	reuse
レインボウ	Rain Bow	10	8	reuse
レガシー	Legacy	8	6	reuse
レクター	Rector	8	6	reuse
レザー	Leather	6	7	reuse
レザーアーマー	Leather Armor	14	13	reuse
レザーグローブ	Leather Gloves	14	14	reuse
レザーブーツ	Leather Boots	12	13	reuse
レザーヘルム	Leather Helm	12	12	reuse
レザーマント	Leather Cape	12	12	reuse
レシピ熟練度	Skill Level	12	11	reuse
レジスト	Resist	8	6	reuse
レジストリング	Resist Ring	14	11	reuse
レジューム	Resume	10	6	reuse
レストフル	Restful	10	7	reuse
レスポンス	Response	10	8	reuse
レタス	Lettuce	6	7	reuse
レッカセン	Rekkasen	10	8	reuse
レッドカモミール	Red Chamomile	16	13	reuse
レッドサフラン	Red Saffron	14	11	reuse
レッドセボリー	Red Savory	14	10	reuse
レッドセージ	Red Sage	12	8	reuse
レッドベルベーヌ	Red Verbena	16	11	reuse
レッドラベンダー	Red Lavender	16	12	reuse
レッドローズマリー	Red Rosemary	18	12	reuse
レデュース	Redux	10	5	reuse
レパルス	Repulse	8	7	reuse
レプラコーン	Leprechaun	12	10	reuse
レモン	Lemon	6	5	reuse
レモングミ	Lemon Gel	10	9	reuse
レモンタルト	Lemon Tart	12	10	reuse
レンズ	Lens	6	4	reuse
レンズがない！	The Lens Is Gone!	14	17	reuse
レンズの力	Power of the Lens	10	17	reuse
レンズはまだ	The Lens, Still	12	15	reuse
レーヴァンテイン	Levantine	16	9	reuse
ロイヤル	Royal	8	5	reuse
ロケット作りの報告へ	Report on the Rocket	20	20	reuse
ロッキング	Rocking	10	7	reuse
ロッド	Rod	6	3	reuse
ロニ	Loni	4	4	reuse
ロリポップ	Lollipop	10	8	reuse
ロンギヌス	Longinus	10	8	reuse
ロングソード	Long Sword	12	10	reuse
ローズマリー	Rosemary	12	8	reuse
ロード	Lord	6	4	reuse
ローブ	Robe	6	4	reuse
ロープ	Rope	6	4	reuse
ロールキャベツ	Cabbage Roll	14	12	reuse
ローレル	Laurel	8	6	reuse
ワイアーム	Wyrm	10	4	reuse
ワイズマン	Wiseman	10	7	reuse
ワルキューレの鎧	Valkyrie's Armor	16	16	reuse
ワンダフル	Wonderful	10	9	reuse
ワンダー	Wonder	8	6	reuse
ワンド	Wand	6	4	reuse
ワース	Worth	6	5	reuse
ワールド	World	8	5	reuse
ワールドマップ	World Map	14	9	reuse
ワールドマップ使用方法	Using the World Map	22	19	reuse
ワールドマップ引継ぎ	Carry World Map	20	15	reuse
ヴァニシング	Vanishing	12	9	reuse
ヴァリアント	Variant	12	7	reuse
ヴァルパイン	Vulpine	12	7	reuse
ヴァンパイア	Vampire	12	7	reuse
ヴァンブレイス	Vanbraces	14	9	reuse
ヴィジョン	Vision	10	6	reuse
ヴェノム	Venom	8	5	reuse
ヴェール	Veil	8	4	reuse
ヴォイド	Void	8	4	reuse
ヴォルカニックレイ	Volcanic Ray	18	12	reuse
ヴォルテックヒート	Heat Vortex	18	11	reuse
ヴォーパルウェポン	Vorpal Weapon	18	13	reuse
・・・・・	.....	10	5	reuse
一人でも、ＨＰが２０％以下なら料理を行います	An ally has 20% or less HP	44	26	reuse
一人でも、ＴＰが２０％以下なら料理を行います	An ally has 20% or less TP	44	26	reuse
一夜漬け	Pickled Vegetables	8	18	reuse
一定間隔でＨＰが回復する	HP regenerates at fixed intervals	24	33	reuse
三つの光弾を同時に撃ち出す下級晶術	Low: Three blasts of light strikedown the enemy.	34	48	reuse
三人以上、ＨＰが８０％以下なら料理を行います	3+ allies have 80% or less HP	44	29	reuse
三人以上、ＴＰが８０％以下なら料理を行います	3+ allies have 80% or less TP	44	29	reuse
三徳包丁	All-Purpose Knife	8	17	reuse
上流探索	Upstream Search	8	15	reuse
下層部突入	Into the Lower Level	10	20	reuse
不思議な少女	Mysterious Girl	12	15	reuse
世界で一番「強い」国	World's Strongest Nation	20	24	reuse
世界をとりもどしてみせる！	I'll Take Back the World!	26	25	reuse
世界をとりもどせ！	Take Back the World!	18	20	reuse
世界を救うオレ	I'll Save the World	14	19	reuse
両手	2-Hand	4	6	reuse
並び変更	Row Change	8	10	reuse
乗船	Aboard	4	6	reuse
二人の無事を願う二人	Two Praying for Two	20	19	reuse
二人以上、ＨＰが４０％以下なら料理を行います	2+ allies have 40% or less HP	44	29	reuse
二人以上、ＨＰが６０％以下なら料理を行います	2+ allies have 60% or less HP	44	29	reuse
二人以上、ＴＰが４０％以下なら料理を行います	2+ allies have 60% or less TP	44	29	reuse
二人以上、ＴＰが６０％以下なら料理を行います	2+ allies have 60% or less TP	44	29	reuse
二律背反	Contradiction	8	13	reuse
二者択一	Either/Or	8	9	reuse
人間らしく	Feeling Human	10	13	reuse
今、何かが見えた？	Did You See Something?	18	22	reuse
今が好機だ	Now's our chance!	10	17	reuse
今のうちに	While We Can	10	12	reuse
今は耐えろ	Stay strong	10	11	reuse
今を精一杯	Live for Now	10	12	reuse
他人事のように	Someone Else's Problem	14	22	reuse
付加	Enchant	4	7	reuse
仮面の剣士	Masked Swordsman	10	16	reuse
仮面の男	Masked Man	8	10	reuse
仮面を見て思う	Thoughts on the Mask	14	20	reuse
仮面ストーカー	Masked Stalker	14	14	reuse
仮面戦隊レンズファイブ	Masked Squad Lens Five	22	22	reuse
企みを知って	Plot Uncovered	12	14	reuse
伝説の天才科学者	Legendary Genius	16	16	reuse
低確率で最大ＨＰ加算	Low chance of increasing Maximum HP	20	35	reuse
作戦	Tactics	4	7	reuse
作戦変更	Change Tactics	8	14	reuse
作戦続行よ！	Operation Continues!	12	20	reuse
使用回数引継ぎ	Carry Counts	14	12	reuse
使用晶術の消費TPを軽減する	Reduces the spell's TP cost.	26	28	reuse
使用晶術の詠唱速度が上昇する	Increases casting speed of the spell.	28	37	reuse
例の作戦	Custom strategy	8	15	reuse
価格(低)	Price (low)	8	11	reuse
価格(高)	Price (high)	8	12	reuse
保存しました	Saved.	12	6	reuse
修復される世界	A World Restored	14	16	reuse
俺にまかせろ	Leave it to me!	12	15	reuse
個手に入れた	obtained.	12	9	reuse
停止	Stop	4	4	reuse
備えあれば	Be Prepared	10	11	reuse
元に戻す	Undo	8	4	reuse
先祖	Ancestor	4	8	reuse
光のほこら	Shrine	10	6	reuse
光のほこらへ	To the Shrine of Light	12	22	reuse
光の洗礼を受けた七色の剣が降り注ぐ中級晶術	Mid: Swords baptized in the seven colors oflight rain down upon the enemy.	42	74	reuse
光属性	Light	6	5	reuse
光属性を付加する	Adds Light attribute	16	20	reuse
光属性レベル	Light Level	12	11	reuse
光抵抗	Light	6	5	reuse
光耐性を得る	Adds Light Resistance	12	21	reuse
光耐性－	Damage Light Res	8	16	reuse
全てを無に帰する	Return All to Nothing	16	21	reuse
全ダメージを微軽減する	Reduces all damage taken	22	24	reuse
全滅した・・・	Wiped out...	14	12	reuse
全身に聖気をまとったような気がする	You feel wrapped in holy energy.	34	32	reuse
全身に邪気をまとったような気がする	You feel wrapped in dark energy.	34	32	reuse
公園に行きましょう	Let's Go to the Park	18	20	reuse
具現結晶	Lens Crystal	8	12	reuse
再び未来へ	To the Future Again	10	19	reuse
再出航	Setting Sail Again	6	18	reuse
再度未来に行くには	To the Future Again	18	19	reuse
冒険ごっこの思い出	Playing Adventurer	18	18	reuse
冒険のない世界	A World Without Adventure	14	25	reuse
冒険の予感	Adventure Awaits	10	16	reuse
冒険の始まり	Adventure Begins	12	16	reuse
冒険を実感	Feels Like Adventure	10	20	reuse
凍結	Freeze	4	6	reuse
凍結効果	Inflict Freeze	8	14	reuse
凍結耐性と反撃効果を得る	Adds resistance to Freeze status	24	32	reuse
出現したって!?	It Appeared!?	14	13	reuse
出産式へ	To the Birth Rite	8	17	reuse
出発前のあいさつ	Goodbyes Before Leaving	16	23	reuse
別ルートを探せ！	Find Another Route!	16	19	reuse
削除	Delete	4	6	reuse
剣士	Swordsman	4	9	reuse
加護なくも人は強く	Strong Without Grace	18	20	reuse
効果上昇	Boost	8	5	reuse
効果音	SFX	6	3	reuse
十年後のオレ	Me, Ten Years On	12	16	reuse
十年後のキミの十年前	Ten Years Before You	20	20	reuse
十年後の俺	Me, Ten Years Later	10	19	reuse
千戦士	1000 Soldiers	6	13	reuse
危険な宝	Dangerous Treasure	8	18	reuse
危険な高さ	Dangerous Height	10	16	reuse
双剣を交互に繰り出す四連撃の特技	Base: Performs a four-stroke attackwith two swords.	32	51	reuse
反撃に努めろ	Counter	12	7	reuse
取得Expが増加する	Increases experience points gained	17	34	reuse
取得ガルドが増加する	Increases Gald obtained	20	23	reuse
取得料理を引き継いでゲーム開始できます	Carry over learned recipes.	38	27	reuse
受けたダメージを時間回復	Gradually recover damage taken	24	30	reuse
受け継いだ奥義	Inherited Arcane Arte	14	21	reuse
古代の秘宝	Ancient Treasure	10	16	reuse
古都ダリルシェイド	Old Darilsheid	18	14	reuse
名前変更	Rename	8	6	reuse
君は海風と共に	With the Sea Breeze	14	19	reuse
味方一人の体力を回復させる晶術	Restores HP to an ally.	30	23	reuse
味方一人の体力を大幅に回復させる晶術	Restores a large amount of HP to an ally.	36	41	reuse
味方一人を戦闘不能から回復させる晶術	Revives a fallen ally.	36	22	reuse
命中	Hit	4	3	reuse
命中が上昇する	Increases Accuracy	14	18	reuse
命中率アップ	Increase Accuracy	12	17	reuse
命中＋	Hit +	6	5	reuse
命中－	Damage Accuracy	6	15	reuse
回復	Heal	4	4	reuse
回復晶術をかけてくれます。どの状況で使用するかは	To choose when, open <color:00000005>Tactics<color:00000007>	48	38	reuse
回復者のSPが回復する	The healed person's SP is recovered.	20	36	reuse
回復者のTPが回復する	The healed person's TP is recovered.	20	36	reuse
回避	Evade	4	5	reuse
回避が上昇する	Increases Evasion	14	17	reuse
回避力－	Damage Evasion	8	14	reuse
土鍋	Earthenware Pot	4	15	reuse
圧縮した水流弾を撃ち放つ特技	Base: Shoots a blast of water at the enemy.	28	43	reuse
地上への出口へは	To the Surface Exit	16	19	reuse
地上軍拠点	Er'ther	10	7	reuse
地上軍拠点跡地	Er'ther Ruins	14	13	reuse
地上軍拠点跡地へ	To the Er'ther Base Ruins	16	25	reuse
地上軍拠点～物資保管所	Base to Storehouse	22	18	reuse
地下水路	Waterway	8	8	reuse
地下水路は確か	The Waterway, Right	14	19	reuse
地下水路出口	Sewer Exit	12	10	reuse
地下水路大脱出	Sewer Escape	14	12	reuse
地下水路脱出後　地下水路	After Sewer: Waterway	24	21	reuse
地下水路脱出後　橋	After Sewer: Bridge	18	19	reuse
地下水路脱出後　街	After Sewer: Town	18	17	reuse
地下水路脱出後　遺跡	After Sewer: Ruins	20	18	reuse
地属性	Earth	6	5	reuse
地属性を付加する	Adds Earth attribute	16	20	reuse
地属性レベル	Earth Level	12	11	reuse
地抵抗	Earth	6	5	reuse
地耐性を得る	Adds Earth Resistance	12	21	reuse
地耐性－	Damage Earth Res	8	16	reuse
地面から発生した闇の刃が敵を貫く下級晶術	Low-Ext: A dark blade springs forth fromthe ground, piercing the enemy.	40	71	reuse
城でまた一泊	Another Castle Night	12	20	reuse
城で一泊しよう	A Night at the Castle	14	21	reuse
城下町を観光しよう	Tour the Castle Town	18	20	reuse
報告終了	Report Done	8	11	reuse
墜落	Crash	4	5	reuse
売る	Sell	4	4	reuse
変装	Disguise	4	8	reuse
外殻	Shell	4	5	reuse
外装	Outfit	4	6	reuse
外装屋　アームズロア	Outdoor Shop ARMS LORE	20	22	reuse
多忙な英雄	Busy Hero	10	9	reuse
夢の光景	Dreamscape	8	10	reuse
大あくび	Big Yawn	8	8	reuse
大地に衝撃を与え、数多の岩片を吹き飛ばす奥義	Arcane: Strikes the ground and releases aflurry of rock shards.	44	63	reuse
大神殿	Grand Temple	6	12	reuse
大神殿に乗り込め！	Storm the Grand Temple!	18	23	reuse
大落下	Great Fall	6	10	reuse
大陸北部の坑道	Northern Mine	14	13	reuse
大陸北部の坑道・北側出入り口	Northern Fitzgald Tunnel - N Passage	28	36	reuse
大陸北部の坑道・南側出入り口	Northern Fitzgald Tunnel - S Passage	28	36	reuse
大陸南部の坑道	Southern Mine	14	13	reuse
大陸南部の坑道・北東出入り口	Southern Fitzgald Tunnel - NE Passage	28	37	reuse
大陸南部の坑道・北西出入り口	Southern Fitzgald Tunnel - NW Passage	28	37	reuse
大陸南部の坑道・南側出入り口	Southern Fitzgald Tunnel - S Passage	28	36	reuse
大陸西部の坑道	Western Mine	14	12	reuse
大陸西部の坑道・北東出入り口	Western Fitzgald Tunnel - NE Passage	28	36	reuse
大陸西部の坑道・北西出入り口	Western Fitzgald Tunnel - NW Passage	28	36	reuse
大陸西部の坑道・南東出入り口	Western Fitzgald Tunnel - SE Passage	28	36	reuse
大陸西部の坑道・南西出入り口	Western Fitzgald Tunnel - SW Passage	28	36	reuse
天からの声	Voice From Heaven	10	17	reuse
天に浮かびしもの	That Which Floats	16	17	reuse
天地戦争に参加	Joining the War	14	15	reuse
天才的記憶力	Genius Memory	12	13	reuse
天才科学者との出会い	Meeting a Genius	20	16	reuse
天才科学者の真実	Truth of the Genius	16	19	reuse
太陽と空気と	Sun and Air	12	11	reuse
奇跡のあとで	After the Miracle	12	17	reuse
奇跡の女	Woman of Miracles	8	17	reuse
奇跡の片鱗	Glimpse of a Miracle	10	20	reuse
奥の建物で紹介するわよ	I'll Introduce You Inside	22	25	reuse
女盗賊	Thief	6	5	reuse
女神官	Cleric	6	6	reuse
嫉妬	Jealousy	4	8	reuse
孤独なつぶやき	Lonely Murmur	14	13	reuse
孤独な仮面	Lonely Mask	10	11	reuse
宝が欲しくば	If You Want Treasure	12	20	reuse
宝とは？	What Is Treasure?	8	17	reuse
宝を探して	Seeking Treasure	10	16	reuse
宿屋で聞いた	Heard at the Inn	12	16	reuse
宿屋で聞いたのに	The Inn Told Us	16	15	reuse
寝ぼすけ	Sleepyhead	8	10	reuse
寝る子は寝てる	Sleeping Child	14	14	reuse
寝言	Sleep Talk	4	10	reuse
対のスロットが低確率でLVUP	Low chance of leveling up companion slot	26	40	reuse
対のスロットの効果上昇	Increases companion slot effectiveness	22	38	reuse
対スロットLV上昇	Anti-Slot LV up	16	15	reuse
対空攻撃からの連続攻撃を繰り出す奥義	Arcane: A chain attack effective onaerial enemies.	36	50	reuse
対空能力を持った二連斬りを繰り出す特技	Base: Performs a two-stroke attack thathits flying enemies.	38	59	reuse
封印を解け	Break the Seal	10	14	reuse
小屋	Hut	4	3	reuse
小規模な竜巻を発生させる特技	Base: Creates a small tornado.	28	30	reuse
属性抵抗上昇	Resist	12	6	reuse
山小屋	Cabin	6	5	reuse
山小屋がある！	A Mountain Hut!	14	15	reuse
山道です	Mountain Path	8	13	reuse
崖の恐怖！	Terror of the Cliff!	10	20	reuse
工兵隊	Engineers	6	9	reuse
帰ってきたふられマン	Dumped Man Returns	20	18	reuse
幸せの定義	Defining Happiness	10	18	reuse
幸運	Luck	4	4	reuse
幻影刃	Phantom Edge	6	12	reuse
店を出る	Leave shop	8	10	reuse
廃坑に行くぞ	To the Abandoned Mine	12	21	reuse
廃坑の怪	Mine Mystery	8	12	reuse
廃坑へ	To the Mine	6	11	reuse
弱肉強食	Survival	8	8	reuse
強い情熱	Burning Passion	8	15	reuse
強化	Boost	4	5	reuse
彼は何でも知っている	He Knows Everything	20	19	reuse
彼ら	They	4	4	reuse
彼女	Girlfriend	4	10	reuse
彼女が落としたもの	What She Dropped	18	16	reuse
彼女の料理	Her Cooking	10	11	reuse
彼女の料理の準備	Prepping Her Cooking	16	20	reuse
後悔先に立たず	Too Late for Regrets	14	20	reuse
後衛を護れ	Protect Rear	10	12	reuse
御乱神	War God Leader	6	14	reuse
復活した心	A Revived Heart	10	15	reuse
心に焼きつけて	Burned Into Memory	14	18	reuse
心のままに	Follow Your Heart	10	17	reuse
心の美しさ	Inner Beauty	10	12	reuse
心配される男	A Worried-Over Man	12	18	reuse
急を要する	Urgent	10	6	reuse
性に合う土地	A Land That Suits Me	12	20	reuse
悪魔に対して有効	Strong against demons	16	21	reuse
想いを胸に	Heart's Resolve	10	15	reuse
想像宝	Dream Treasure	6	14	reuse
愛の治療法	Love's Remedy	10	13	reuse
愛の芽生え	Love Blossoms	10	13	reuse
感動の再会	Moving Reunion	10	14	reuse
感動を演出	Staging Emotion	10	15	reuse
懐かしき街	Nostalgic Town	10	14	reuse
成功報告	Success Report	8	14	reuse
戦士	Warrior	4	7	reuse
戦神	Battle God	4	10	reuse
戦闘	Battle	4	6	reuse
戦闘するたびに料理を行います	After every battle	28	18	reuse
戦闘オートカメラ	Battle Auto Camera	16	18	reuse
戦闘キーカスタマイズ	Battle Key Config	20	17	reuse
戦闘ボイス	Battle Voice	10	12	reuse
戦闘メンバーに戦闘可能なキャラがいません	No active party members are able to fight.	40	42	reuse
戦闘ランク	Battle Rank	10	11	reuse
戦闘不能	K.O.	8	4	reuse
戦闘回数１０回毎に料理を行います	After every 10 battles	32	22	reuse
戦闘回数５回毎に料理を行います	After every 5 battles	30	21	reuse
戦闘情報引継ぎ	Carry Battle	14	12	reuse
戸惑い	Confusion	6	9	reuse
所持晶術を引き継いでゲーム開始できます	Carry over your spells.	38	23	reuse
所持特技を引き継いでゲーム開始できます	Carry over your skills.	38	23	reuse
手玉	Played	4	6	reuse
拳闘士	Boxer	6	5	reuse
持主が低レベルほど攻撃上昇	Lower user level = greater attack power	26	39	reuse
掛け合い	Banter	8	6	reuse
攻撃	Attack	4	6	reuse
攻撃が上昇する	Increases Attack	14	16	reuse
攻撃とクリティカルが上昇する	Attack and Critical UP	28	22	reuse
攻撃と命中が上昇する	Increases Attack and Accuracy	20	29	reuse
攻撃と最大HPが上昇	Increases Attack and Maximum HP	18	31	reuse
攻撃中の敵に対して絶大な追尾性能を持つ特技	Base: Targets a moving enemy withperfect aim.	42	45	reuse
攻撃力	Attack	6	6	reuse
攻撃力アップ	Increase Attack	12	15	reuse
攻撃力－	Damage Attack	8	13	reuse
攻撃＋	Atk +	6	5	reuse
敗者の歴史	History of the Defeated	10	23	reuse
敵が持つ取得経験値が２倍になります	Enemy EXP is doubled.	34	21	reuse
敵のスキをつけ	Find Opening	14	12	reuse
敵の数を減らせ	Crush Weak	14	10	reuse
敵ターゲットＳＰ常時表示	Always Show Target SP	24	21	reuse
敵本拠地へ	To the Enemy Base	10	17	reuse
料理	Cooking	4	7	reuse
料理引継ぎ	Carry Recipes	10	13	reuse
斬撃の真空波が三日月の軌跡を描く特技	Base: Slashes in the shape of acrescent moon.	36	45	reuse
新作	New	4	3	reuse
新規	New	4	3	reuse
旅立ちの決意	Ready to Depart	12	15	reuse
明日はラグナ遺跡	Laguna Ruins Tomorrow	16	21	reuse
星に願いを	Wish Upon a Star	10	16	reuse
星を落とす男	The Star-Feller	12	15	reuse
晶術で攻めろ	Use spells	12	10	reuse
晶術を使うと上昇	Rises with magic use.	16	21	reuse
晶術を使わせるな	Block Magic	16	11	reuse
晶術引継ぎ	Carry Spells	10	12	reuse
晶術追撃	Spell Chaser	8	12	reuse
暑い国	Hot Country	6	11	reuse
最初の冒険	First Adventure	10	15	reuse
最大ヒット	Max Combo	10	9	reuse
最大ＨＰ	Max HP	8	6	reuse
最大ＨＰが上昇	Max HP up	14	9	reuse
最大ＨＰが上昇する	Increases Maximum HP	18	20	reuse
最終決戦	Final Battle	8	12	reuse
期待の食事	Anticipated Meal	10	16	reuse
未来のために	For the Future	12	14	reuse
未来の大英雄	Future Great Hero	12	17	reuse
未開の森	Wildwood	8	8	reuse
栄養ドリンク	Energy Drink	12	12	reuse
格納庫に行くよ	To the Hangar	14	13	reuse
楽しい食事	A Fun Meal	10	10	reuse
楽しかったね	That Was Fun	12	12	reuse
槍闘士	Lancer	6	6	reuse
橋が通れるようになったはずだよ	The Bridge Should Be Open	30	25	reuse
機械に対して有効	Strong against machines	16	23	reuse
欠伸	Yawn	4	4	reuse
次の手	Next Move	6	9	reuse
武器	Weapon	4	6	reuse
武器は外せません	Can't remove weapon.	16	20	reuse
武器屋　つめとぎ	Weapon Shop つめとぎ	16	20	reuse
武器屋　アウルゲルミル	Weapon Shop AURGELMIR	22	21	reuse
武器屋　アームズロア	Weapon Shop ARMS LORE	20	21	reuse
武器屋　シャンディガフ	Weapon Shop SHANDYGAFF	22	22	reuse
武器屋　ソウル＆ソード	Weapon Shop SOUL & SWORD	22	24	reuse
武器屋　ブレイブハート	Weapon Shop BRAVEHEART	22	22	reuse
武器屋　ライトニング	Weapon Shop LIGHTNING	20	21	reuse
武器屋　リーヴ	Weapon Shop LIF	14	15	reuse
武器屋　一騎当千	Weapon Shop SUPERMAN	16	20	reuse
武器屋　殺劇舞荒剣	Weapon Shop ASSASSIN'S FURY	18	27	reuse
歩き	Walk	4	4	reuse
歴史を越えた集団	A Group Beyond Time	16	19	reuse
歴史修復	History Restored	8	16	reuse
歴史改変	History Altered	8	15	reuse
殺意の斧	Axe of Malice	8	13	reuse
母の愛とビンタ	A Mother's Slap	14	15	reuse
母へ	To Mother	4	9	reuse
毒効果	Inflict Poison	6	14	reuse
毒耐性と反撃効果を得る	Adds resistance to Poison status	22	32	reuse
毛皮のマント	Fur Cape	12	8	reuse
気まずい神団騎士	Awkward Order Knight	16	20	reuse
気絶時間を減らす	Reduces Stagger time	16	20	reuse
水属性	Water	6	5	reuse
水属性を付加する	Adds Water attribute	16	20	reuse
水属性レベル	Water Level	12	11	reuse
水抵抗	Water	6	5	reuse
水耐性を得る	Adds Water Resistance	12	21	reuse
水耐性－	Damage Water Res	8	16	reuse
氷を風の力で粉砕し、敵にぶつける中級昇華晶術	Mid-Ext: Assails the enemy with apowerful icy wind.	44	51	reuse
決心	Resolve	4	7	reuse
油断大敵	Beware	8	6	reuse
洞窟を抜けろ！	Through the Cave!	14	17	reuse
海の主の襲撃	Sea Lord's Attack	12	17	reuse
海の精の贈り物	The Sea Spirit's Gift	14	21	reuse
海岸の洞窟	Sea Cave	10	8	reuse
海鮮カレー	Seafood Curry	10	13	reuse
温度変化で崩壊	Collapse by Heat	14	16	reuse
準備して出航だ！	Get Ready and Sail!	16	19	reuse
準備良し	All Set	8	7	reuse
漢の拳を交えた二連攻撃を行う特技	Base: A two-stroke punching attack.	32	35	reuse
潜入成功	Snuck In	8	8	reuse
潜入計画	Infiltration Plan	8	17	reuse
瀕死時にＨＰが回復する	HP Recovery when near KO	22	24	reuse
火属性	Fire	6	4	reuse
火属性を付加する	Adds Fire attribute	16	19	reuse
火属性レベル	Fire Level	12	10	reuse
火抵抗	Fire	6	4	reuse
火耐性を得る	Adds Fire Resistance	12	20	reuse
火耐性－	Damage Fire Res	8	15	reuse
無数の真空の刃で敵を切り裂く中級晶術	Mid: Countless blades of the voidshred the enemy.	36	49	reuse
無機物に対して有効	Strong against inorganic matter	18	31	reuse
焼きイモ	Roast Potato	8	12	reuse
熟練の手さばきで矢を三連射する特技	Base: Rapidly fires three arrows withexpert accuracy.	34	53	reuse
熟練度の一番低い料理を行います	Use dish with the lowest skill level	30	36	reuse
熱風を巻き起こして敵を吹き飛ばす中級昇華晶術	Mid-Ext: Creates a blazing wind that blowsthe enemy away.	44	57	reuse
燃える河	Burning River	8	13	reuse
爆炎剣	Hell Sword	6	10	reuse
父の故郷	Father's Hometown	8	17	reuse
父の背中を追って	Following Father	16	16	reuse
物を動かす方法	How to Move Things	14	18	reuse
物資保管所	Storehouse	10	10	reuse
物資装置　エルクスオウン	Vending Machine ELK'S OWN	24	25	reuse
物資装置　ケーブルグラム	Vending Machine CABLEGRAM	24	25	reuse
物資装置　ストーンフェンス	Vending Machine STONE FENCE	26	27	reuse
物資装置　ロブロイ	Vending Machine ROB ROY	18	23	reuse
特技	Skill	4	5	reuse
特技のクリティカル率を増やす	Increases the skill's chance of landing acritical strike.	28	57	reuse
特技のダメージを増やす	Increase's the skill's damage output.	22	37	reuse
特技の命中率を増やす	Increases the skill's accuracy.	20	31	reuse
特技ショートカット１	Skill Shortcut 1	20	16	reuse
特技ショートカット２	Skill Shortcut 2	20	16	reuse
特技・奥義を使うと上昇	Rises with skill use.	22	21	reuse
特技中のSP消費を軽減する	Reduces the skill's SP cost.	24	28	reuse
特技引継ぎ	Carry Skills	10	12	reuse
特技連携	Skill Chain	8	11	reuse
特殊抵抗	Special Res	8	11	reuse
状態	Status	4	6	reuse
状態異常時に料理を行います	An ally has abnormal status	26	27	reuse
獣に対して有効	Strong against beasts	14	21	reuse
玉座の間へ	To the Throne Room	10	18	reuse
現代に戻ってきて	Back to the Present	16	19	reuse
生き長らえた意味	Why I Lived On	16	14	reuse
生まれないことになる	Never to Be Born	20	16	reuse
男のロマン	A Man's Dream	10	13	reuse
男の中の男	A Man Among Men	10	15	reuse
男をみがけ！	Polish Your Manhood!	12	20	reuse
男神官	Priest	6	6	reuse
番犬	Watchdog	4	8	reuse
異常耐性	Ailment Res	8	11	reuse
疑問	Question	4	8	reuse
疑念	Doubt	4	5	reuse
発進	Launch	4	6	reuse
白き霧の中へ	Into the White Mist	12	19	reuse
白雲の尾根	White Cloud Ridge	10	17	reuse
百万倍	A Millionfold	6	13	reuse
盗めるアイテム	Steal Item	14	10	reuse
目印	Landmark	4	8	reuse
眠れない寝ぼすけ	Sleepless Sleepyhead	16	20	reuse
着弾時に爆発する矢を放つ特技	Base: Fires an arrow which explodeson impact.	28	45	reuse
着陸できない地形です	No place to land here.	20	22	reuse
瞬時に空中へ移動、そこから剣を振り下ろす特技	Base: Get lifted into the air for adownward strike.	44	51	reuse
矢を五方向に拡散させて放つ特技	Base: Fires arrows in five directions.	30	38	reuse
知性	Int	4	3	reuse
知性が上昇する	Increases Intellect	14	19	reuse
知性と詠唱速度が上昇する	Increases Intellect and Casting Speed	24	37	reuse
知性＋	Int +	6	5	reuse
知性－	Damage Intellect	6	16	reuse
短剣	Dagger	4	6	reuse
硬直時間加算	Stunner	12	7	reuse
神にケンカを	Picking a Fight With God	12	24	reuse
神のたまご	Egg of God	10	10	reuse
神のたまご最深部へ	Depths of God's Egg	18	19	reuse
神団批判	Order Critic	8	12	reuse
神殿にいるはず	She's in the Temple	14	19	reuse
神殿の奥にエルレインが	Elrane Deep in the Temple	22	25	reuse
秘奥義	Mystic	6	6	reuse
称号の名前を入力してください	Please input title name.	28	24	reuse
移動時基本速度	Move Speed	14	10	reuse
積み木遊び	Building Blocks	10	15	reuse
空の敵に対して有効	Strong against aerial foes	18	26	reuse
空の敵を狙え	Aim High	12	8	reuse
空を見上げて	Looking Up	12	10	reuse
空を飛んで	Flying the Skies	10	16	reuse
空中から高速の矢で敵を狙い打つ特技	Base: Fires a high-speed arrow atthe enemy.	34	43	reuse
空中都市の残骸	Aeropolis Ruin	14	14	reuse
空想大爆発	Imagination Explosion	10	21	reuse
突入	Charge	4	6	reuse
突撃しろ！	Charge!	10	7	reuse
立ち聞き	Eavesdropping	8	13	reuse
答えがわかってる問題を解いたって	Solving a Known Answer	32	22	reuse
管理のための番号	A Number for Control	16	20	reuse
箱庭の中の人形	Doll in a Garden	14	16	reuse
篭手	Glove	4	5	reuse
精霊	Spirit	4	6	reuse
紅蓮都市スペランツァ	Crimson Speranza	20	16	reuse
素早い敵を倒せ	Defeat Fast Foes	14	16	reuse
紫電	Shiden	4	6	reuse
経験値半分	Half EXP	10	8	reuse
経験値配分	EXP Distribution	10	16	reuse
経験値２倍	Double EXP	10	10	reuse
絶対運命	Absolute Destiny	8	16	reuse
緊急事態	Emergency	8	9	reuse
緊急事態ＳＯＳ	Emergency SOS	14	13	reuse
総合熟練度	Skill Level	10	11	reuse
罪な男の罪	A Sinful Man's Sin	10	18	reuse
美女と信仰	Beauty and Faith	10	16	reuse
美白の天使　小麦色の女神	Fair Angel, Tan Goddess	24	23	reuse
考えるよりもまず行動	Act Before Thinking	20	19	reuse
耐性	Resist	4	6	reuse
聖地カルビオラ	Holy Kalviola	14	13	reuse
聖女遭遇	Meeting a Holy Woman	8	20	reuse
肉鍋	Meat Stew	4	9	reuse
育ち盛り	Growing Boy	8	11	reuse
能力	Stats	4	5	reuse
能天気	Carefree	6	8	reuse
脱出～クレスタ	Escape to Cresta	14	16	reuse
脱獄犯	Jailbreaker	6	11	reuse
腕輪	Bangle	4	6	reuse
自動で料理を行いません	Do not auto-cook.	22	17	reuse
自爆した！	Self-destruct!	10	14	reuse
自称華麗なる連続攻撃を行う特技	Base: Performs an amazing continuousattack.	30	43	reuse
自立	Independence	4	12	reuse
自認ビギナー	I am a novice	12	13	reuse
船じゃ追いつけない	A Ship Can't Catch Up	18	21	reuse
船上のロマンス	Shipboard Romance	14	17	reuse
船内散策	Ship Stroll	8	11	reuse
苗木	Sapling	4	7	reuse
英雄に聞く（フィリア）	Ask a Hero (Philia)	22	19	reuse
英雄に聞く（ルーティ）	Ask a Hero (Rutee)	22	18	reuse
英雄の素顔	The Hero's True Face	10	20	reuse
英雄バルバトス	Hero Barbatos	14	13	reuse
英雄志願	Hero Hopeful	8	12	reuse
英雄王の噂	Rumors of the Hero King	10	23	reuse
英雄王謁見	Hero King's Audience	10	20	reuse
菜切り包丁	Vegetable Knife	10	15	reuse
落ち着け	Calm Down	8	9	reuse
落とすアイテム	Drop Item	14	9	reuse
落下時ダウン時間を減少	Reduce knockdown time	22	21	reuse
蒼天都市ヴァンジェロ	Azure City Vangelo	20	18	reuse
虫マニア	Bug Maniac	8	10	reuse
虫丘　虫引	Bug Hill	10	8	reuse
行け！　大海原を！	Go! Across the Sea!	18	19	reuse
行商人	Peddler	6	7	reuse
術・技	Artes	6	5	reuse
術技	Artes	4	5	reuse
衰弱	Weak	4	4	reuse
衰弱耐性と反撃効果を得る	Adds resistance to Weak status	24	30	reuse
装備	Equip	4	5	reuse
装備を外せません	Can't remove that.	16	18	reuse
装備品が全滅した・・・	Equipment wiped out...	22	22	reuse
装備屋　トリニティ	Equipment Shop TRINITY	18	22	reuse
装身具	Trinket	6	7	reuse
装飾品	Jewelry	6	7	reuse
補給ロボット	Supply Robot	12	12	reuse
補給部隊	Quartermaster	8	13	reuse
複数の火球弾が敵を狙う下級晶術	Low: Several balls of flame are fired atthe enemy.	30	50	reuse
襲撃！	Attack!	6	7	reuse
見習い剣士	Apprentice Swordsman	10	20	reuse
触媒	Catalyst	4	8	reuse
記憶リフレッシュ	Memory Refresh	16	14	reuse
設備は生きている？	Is the Gear Still Live?	18	23	reuse
設定	Config	4	6	reuse
詠唱	Cast	4	4	reuse
詠唱加速	Speed Cast	8	10	reuse
詠唱速度	Cast Speed	8	10	reuse
詠唱速度が上昇する	Increases Casting Speed	18	23	reuse
詠唱速度とTP回復力が上昇	Increases Casting Speed and TP Regen	24	36	reuse
詠唱速度上昇	Speed Cast	12	10	reuse
詠唱速度－	Damage Cast Speed	10	17	reuse
話を聞こう	Let's Hear It	10	13	reuse
説得	Persuasion	4	10	reuse
課せられた選択	An Imposed Choice	14	17	reuse
調理できる回数の一番多い料理を行います	Use dish that can be prepared the most times	38	44	reuse
調理可能回数	Plentiful	12	9	reuse
調理器具	Cookware	8	8	reuse
謁見後、熱冷めぬ	Still Fired Up	16	14	reuse
謎の男と共に	With the Masked Man	12	19	reuse
貴重品	Special	6	7	reuse
買う	Buy	4	3	reuse
資材を取りに	Fetch Materials	12	15	reuse
資材集めが今の目的	Gathering Materials	18	19	reuse
走って笑え	Run and Laugh	10	13	reuse
走って笑って追いかけろ	Run, Laugh, Chase	22	17	reuse
走り	Run	4	3	reuse
起きている夢	Waking Dream	12	12	reuse
跳躍後、打ち下ろしの精霊弾を発射する特技	Base: Fires a Spirit Blast in mid-air.	40	38	reuse
輝き	Radiance	4	8	reuse
近くの敵を狙え	Attack Close	14	12	reuse
迷いやすいぞ	Easy to Get Lost	12	16	reuse
迷子札	ID Tag	6	6	reuse
追加晶術	Added Spell	8	11	reuse
追加特技	Added Skill	8	11	reuse
追加発動技即習得	Instant Add Artes	16	17	reuse
逃走した・・・	Fled...	14	7	reuse
逃走速度が上昇する	Increases escape speed	18	22	reuse
通常攻撃を行うと上昇	Rises with normal attack use.	20	29	reuse
造り物の世界	A Fabricated World	12	18	reuse
連携発動	Spell Save	8	10	reuse
連携行動を行うと上昇	Rises when chaining attacks.	20	28	reuse
連続的に水流を地面に叩きつける中級晶術	Mid: Powerful currents of water from aboveslam into the ground.	38	63	reuse
連鎖発動	Chain Trigger	8	13	reuse
運命の出会い	Fated Meeting	12	13	reuse
過去を否定するつもりはない	I Won't Deny the Past	26	21	reuse
道具	Items	4	5	reuse
道具屋　ハッピーマスター	Pawn Shop HAPPY MASTER	24	22	reuse
道具屋　マミーテイラー	Pawn Shop MAMIE TAYLOR	22	22	reuse
道具屋　ムーンリバー	Pawn Shop MOON RIVER	20	20	reuse
道具屋　家内安全	Pawn Shop FAMILY WELL-BEING	16	27	reuse
遠き旅路	Long Journey	8	12	reuse
適正熟練度	Adequate Level	10	14	reuse
遺産	Legacy	4	6	reuse
遺跡の入り口を探して	Find the Ruins Entrance	20	23	reuse
遺跡探索	Ruin Explorer	8	13	reuse
野宿無宿	No Roof Tonight	8	15	reuse
野菜サラダ	Veggie Salad	10	12	reuse
鈍足	Slow	4	4	reuse
鈍足効果	Inflict Slow	8	12	reuse
鈍足耐性と反撃効果を得る	Adds resistance to Slow status	24	30	reuse
鉄のフライパン	Iron Frying Pan	14	15	reuse
鉄鍋	Iron Pot	4	8	reuse
銀のおたま	Silver Ladle	10	12	reuse
鍛冶屋のテント	Smith's Tent	14	12	reuse
鏡の中へ	Into the Mirror	8	15	reuse
門限	Curfew	4	6	reuse
闇属性	Dark	6	4	reuse
闇属性を付加する	Adds Dark attribute	16	19	reuse
闇属性レベル	Dark Level	12	10	reuse
闇抵抗	Dark	6	4	reuse
闇耐性を得る	Adds Dark Resistance	12	20	reuse
闇耐性－	Damage Dark Res	8	15	reuse
闘神	War God	4	7	reuse
防具	Armor	4	5	reuse
防具屋　けづくろい	Armor Shop けづくろい	18	21	reuse
防具屋　アンカーヘッド	Armor Shop ANCHOR HEAD	22	22	reuse
防具屋　コモナ	Armor Shop COMONA	14	17	reuse
防具屋　スルーズゲルミル	Armor Shop THRUDGELMIR	24	22	reuse
防具屋　ナイトキラー	Armor Shop NIGHT KILLER	20	23	reuse
防具屋　メリトン	Armor Shop MERITON	16	18	reuse
防具屋　リーフズラシル	Armor Shop LIFTHRASIR	22	21	reuse
防具屋　ワイアポロ	Armor Shop WIRE POLO	18	20	reuse
防具屋　鎧袖一触	Armor Shop 鎧袖一触	16	19	reuse
防御	Guard	4	5	reuse
防御が上昇する	Increases Defense	14	17	reuse
防御と最大HPが上昇	Increases Defense and Maximum HP	18	32	reuse
防御・回避が上昇	Increases Defense and Evasion	16	29	reuse
防御力	Defense	6	7	reuse
防御力－	Damage Defense	8	14	reuse
防御回数	Block Count	8	11	reuse
防御＋	Def +	6	5	reuse
隠し通路	Hidden Passage	8	14	reuse
雑貨屋　にくきゅう	General Shop CAT'S PAW	18	22	reuse
雑貨屋　アフィニティ	General Shop AFFINITY	20	21	reuse
雑貨屋　バラライカ	General Shop BALALAIKA	18	22	reuse
雑貨屋　ビヴロスト	General Shop BIFROST	18	20	reuse
雑貨屋　ファジーネーブル	General Shop FUZZY NAVEL	24	24	reuse
雑貨屋　ブルーラグーン	General Shop BLUE LAGOON	22	24	reuse
雑貨屋　ベルゲルミル	General Shop BERGELMIR	20	22	reuse
雑貨屋　マナブレイカー	General Shop MANABREAKER	22	24	reuse
雑貨屋　ワードエイト	General Shop WARD EIGHT	20	23	reuse
雑貨屋　当たり棒	General Shop POPSICLE STICK	16	27	reuse
難易度・称号引継ぎ	Carry Diff/Titles	18	17	reuse
雪の街にて	In the Snowy Town	10	17	reuse
雪中の戦い	Battle in the Snow	10	18	reuse
電撃の力を利用して敵を討つ特技	Base: Hits the enemy with anelectric shock.	30	43	reuse
霧が濃いため着陸できません	The fog is too thick to land.	26	29	reuse
霧の中で	In the Mist	8	11	reuse
風の向くまま気の向くまま	Wherever the Wind Blows	24	23	reuse
風を知らない人たち	People Who Know No Wind	18	23	reuse
風属性	Wind	6	4	reuse
風属性を付加する	Adds Wind attribute	16	19	reuse
風属性レベル	Wind Level	12	10	reuse
風抵抗	Wind	6	4	reuse
風耐性を得る	Adds Wind Resistance	12	20	reuse
風耐性－	Damage Wind Res	8	15	reuse
飛んでくるはずなんだが	It Should Fly Here	22	18	reuse
飛行竜の中で	Inside the Flying Dragon	12	24	reuse
飛行竜を追え！	Chase the Flying Dragon!	14	24	reuse
飛行艇リバース	Airship Rev	14	11	reuse
食材	Food	4	4	reuse
食材のコストが一番低い料理を行います	Use dish with lowest ingredient requirement	36	43	reuse
食材コスト	Ingredients	10	11	reuse
食材屋　いなか市場	Food Shop COUNTRY MARKET	18	24	reuse
食材屋　おばんざい	Food Shop BANZAI	18	16	reuse
食材屋　かつおぶし	Food Shop DRIED BONITO	18	22	reuse
食材屋　またたび	Food Shop ACTINIDIA	16	19	reuse
食材屋　イタトマ	Food Shop ITATOMA	16	17	reuse
食材屋　キングスバレイ	Food Shop KING'S VALLEY	22	23	reuse
食材屋　クリスチャニア	Food Shop CHRISTIANIA	22	21	reuse
食材屋　クレスタキッチン	Food Shop CRESTA'S KITCHEN	24	26	reuse
食材屋　サンマリノ	Food Shop SAN MARINO	18	20	reuse
食材屋　シェリーツイスト	Food Shop SHERRY TWIST	24	22	reuse
食材屋　ハーベスター	Food Shop HARVESTER	20	19	reuse
食材屋　マールツァイト	Food Shop MAHLZEIT	22	18	reuse
食材屋　ユグドラシル	Food Shop YGGDRASILL	20	20	reuse
食材屋　ルックデリシャス！	Food Shop LOOKS DELICIOUS!	26	26	reuse
食材屋　新鮮市場	Food Shop FRESH MARKET	16	22	reuse
馬齢	Wasted Years	4	12	reuse
高速回転させた水圧を発射する下級晶術	Low: Launches a rapidly spinningblast of water.	36	47	reuse
魔女	Witch	4	5	reuse
魚屋　海鮮丸	Fish Shop SEAFOOD CIRCLE	12	24	reuse
魚鍋	Fish Stew	4	9	reuse
麻痺	Para	4	4	reuse
麻痺効果	Inflict Paralysis	8	17	reuse
麻痺耐性と反撃効果を得る	Adds resistance to Paralysis status	24	35	reuse
黄昏都市レアルタ	Twilight Realta	16	15	reuse
－秘奥義－	-Mystic Arte-	10	13	reuse
１：力尽きるまで攻撃主体で戦います	1: Fight primarily with attacks until your   strength runs out.	34	63	reuse
１：自分からは攻撃・晶術を行いません	1: Don't perform attacks or spells on your   own.	36	49	reuse
４倍速詠唱	Quadspeed Cast	10	14	reuse
５：SP、TPが尽きるまで攻撃を行います	5: Attack until your SP and TP run out.	36	39	reuse
＜確率・継続効果＞敵を一定時間凍結状態にする	(Random-Continuous) The enemy is frozen fora certain amount of time.	44	68	reuse
＜確率・継続効果＞敵を一定時間毒状態にする	(Random-Continuous) The enemy is poisonedfor a certain amount of time.	42	70	reuse
＜確率・継続効果＞敵を一定時間鈍足状態にする	(Random-Continuous) The enemy's pace isslowed down for a certain amount of time.	44	80	reuse
＜確率・継続効果＞敵を一定時間麻痺状態にする	(Random-Continuous) The enemy is paralyzedfor a certain amount of time.	44	71	reuse
＜確率効果＞の発生確率上昇	Increases random effect probability	26	35	reuse
＜確率効果＞凍結効果を付加	Inflicts Freeze randomly	26	24	reuse
＜確率効果＞敵SPにダメージを与える	(Random) Damages the enemy's SP.	34	32	reuse
＜確率効果＞敵TPにダメージを与える	(Random) Damages the enemy's TP.	34	32	reuse
＜確率効果＞毒を付加する	Inflicts Poison randomly	24	24	reuse
＜確率効果＞気絶効果を付加	Inflicts Stun randomly	26	22	reuse
＜確率効果＞衰弱効果を付加	Inflicts Weak randomly	26	22	reuse
＜確率効果＞麻痺を付加する	Inflicts Paralysis randomly	26	27	reuse
＜継続効果＞の時間延長	Extends Continuous Effect duration	22	34	reuse
ＧＧＶＳＳリファイナー	G.G.V.S.S. Refiner	22	18	reuse
ＨＰ継続回復	HP Regen	12	8	reuse
ＬＯＶＥ！　眼鏡ッ子	LOVE! Glasses Girl	20	18	reuse
ＳＰ回復	SP Regen	8	8	reuse
ＳＰ回復力が上昇する	Increases SP Regen	20	18	reuse
ＳＰ軽減	SP Reduce	8	9	reuse
ＳＰ軽減力が上昇する	Increases SP Reduction	20	22	reuse
ＴＰ回復	TP Regen	8	8	reuse
ＴＰ回復力が上昇する	Increases TP Regen	20	18	reuse
ＴＰ軽減	TP Reduce	8	9	reuse
ＴＰ軽減力が上昇する	Increases TP Reduction	20	22	reuse
